date,url_end,name
"September 27, 2021",https://oig.nasa.gov/docs/IG-21-028.pdf,"Final Memorandum, Summary of Results of Incurred Cost Audits (IG-21-028)"
"September 8, 2021",https://oig.nasa.gov/docs/IG-21-027.pdf,NASA's Construction of Facilities (IG-21-027)
"August 10, 2021",https://oig.nasa.gov/docs/IG-21-025.pdf,NASA's Development of Next-Generation Spacesuits (IG-21-025)
"August 9, 2021",https://oig.nasa.gov/docs/IG-21-024.pdf,"Review of Coronavirus Aid, Relief, and Economic Security (CARES) Act Funding (IG-21-024)"
"July 14, 2021",https://oig.nasa.gov/docs/IG-21-022.pdf,NASA's Management of USRA's Cooperative Agreements (IG-21-022)
"May 18, 2021",https://oig.nasa.gov/docs/IG-21-020.pdf,NASA's Compliance with the Payment Integrity Information Act for Fiscal Year 2020 (IG-21-020)
"May 18, 2021",https://oig.nasa.gov/docs/IG-21-019.pdf,NASA's Cybersecurity Readiness (IG-21-019)
"April 19, 2021",https://oig.nasa.gov/docs/IG-21-018.pdf,Artemis Status Update (IG-21-018)
"March 31, 2021",https://oig.nasa.gov/docs/IG-21-017.pdf,Desk Reviews of Fiscal Year 2019 NASA Exchange Audit Reports (IG-21-017)
"March 31, 2021",https://oig.nasa.gov/docs/IG-21-016.pdf,COVID-19 Impacts on NASA's Major Programs and Projects (IG-21-016)
"March 24, 2021",https://oig.nasa.gov/docs/IG-21-015.pdf,Fiscal Year 2020 Federal Information Security Modernization Act Evaluation â A Contractor-Operated Communications System (IG-21-015)
"March 2, 2021",https://oig.nasa.gov/docs/IG-21-014.pdf,Fiscal Year 2020 Federal Information Security Modernization Act Evaluation â A Center Command and Control System (IG-21-014)
"February 16, 2021",https://oig.nasa.gov/docs/IG-21-013.pdf,Fiscal Year 2020 Federal Information Security Modernization Act Evaluation â A Center Communications System (IG-21-013)
"February 10, 2021",https://oig.nasa.gov/docs/IG-21-012.pdf,NASA's Compliance with Federal Export Control Laws (IG-21-012)
"January 27, 2021",https://oig.nasa.gov/docs/IG-21-011.pdf,NASA's Efforts to Mitigate the Risks Posed by Orbital Debris (IG-21-011)
"January 14, 2021",https://oig.nasa.gov/docs/ML-21-001.pdf,Fiscal Year 2020 Report on Status of Charge Card Audit Recommendations (ML-21-001)
"December 22, 2020",https://oig.nasa.gov/docs/IG-21-010.pdf,Fiscal Year 2020 Federal Information Security Modernization Act Evaluation â An Agency Common System (IG-21-010)
"December 3, 2020",https://oig.nasa.gov/docs/IG-21-006.pdf,NASA's Management of Hazardous Materials (IG-21-006)
"December 1, 2020",https://oig.nasa.gov/docs/IG-21-007.pdf,NASA's Challenges to Safely Return Humans to the Moon by 2024 (IG-21-007)
"November 16, 2020",https://oig.nasa.gov/docs/IG-21-005.pdf,Audit of NASA's Fiscal Year 2020 Financial Statements (IG-21-005)
"November 10, 2020",https://oig.nasa.gov/docs/IG-21-004.pdf,NASA's Management of the Gateway Program for Artemis Missions (IG-21-004)
"October 27, 2020",https://oig.nasa.gov/docs/IG-21-002.pdf,NASA's Management of its Acquisition Workforce (IG-21-002)
"October 2, 2020",https://oig.nasa.gov/docs/IG-21-001.pdf,"Final Memorandum, Audit of NASA's Compliance with the Geospatial Data Act (IG-21-001)"
"September 16, 2020",https://oig.nasa.gov/docs/IG-20-023.pdf,NASA's Planetary Science Portfolio (IG-20-023)
"September 14, 2020",https://oig.nasa.gov/docs/IG-20-022.pdf,NASA's Management of the Stratospheric Observatory for Infrared Astronomy Program (IG-20-022)
"August 27, 2020",https://oig.nasa.gov/docs/IG-20-021.pdf,NASA's Policy and Practices Regarding the Use of Non-Agency Information Technology Devices (IG-20-021)
"August 19, 2020",https://oig.nasa.gov/docs/ML-20-004.pdf,Fiscal Year 2020 Risk Assessment of NASA's Charge Card Programs (ML-20-004)
"July 16, 2020",https://oig.nasa.gov/docs/IG-20-018.pdf,NASA's Management of the Orion Multi-Purpose Crew Vehicle Program (IG-20-018)
"June 25, 2020",https://oig.nasa.gov/docs/IG-20-017.pdf,Evaluation of NASA's Information Security Program under the Federal Information Security Modernization Act for Fiscal Year 2019 (IG-20-017)
"May 15, 2020",https://oig.nasa.gov/docs/IG-20-016.pdf,NASA's Compliance with the Improper Payments Information Act for Fiscal Year 2019 (IG-20-016)
"May 6, 2020",https://oig.nasa.gov/docs/IG-20-015.pdf,Management of the Low-Boom Flight Demonstrator Project (IG-20-015)
"March 19, 2020",https://oig.nasa.gov/docs/IG-20-014.pdf,NASA's Development of Ground and Flight Application Software for the Artemis Program (IG-20-014)
"March 17, 2020",https://oig.nasa.gov/docs/IG-20-013.pdf,NASA's Mobile Launchers (IG-20-013)
"March 10, 2020",https://oig.nasa.gov/docs/IG-20-012.pdf,NASA's Management of Space Launch System Program Costs and Contracts (IG-20-012)
"March 3, 2020",https://oig.nasa.gov/docs/IG-20-011.pdf,NASA's Management of Distributed Active Archive Centers (IG-20-011)
"February 20, 2020",https://oig.nasa.gov/docs/IG-20-010.pdf,NASA's Compliance with Federal Export Control Laws (IG-20-010)
"February 5, 2020",https://oig.nasa.gov/docs/ML-20-003.pdf,Risk Assessment of NASA's Grant Closeout Process (ML-20-003)
"January 27, 2020",https://oig.nasa.gov/docs/ML-20-002.pdf,Fiscal Year 2019 Report on Status of Charge Card Audit Recommendations (ML-20-002)
"December 12, 2019",https://oig.nasa.gov/docs/IG-20-007.pdf,Audit of Space Science Institute (IG-20-007)
"November 15, 2019",https://oig.nasa.gov/docs/IG-20-006.pdf,Audit of NASA's Fiscal Year 2019 Financial Statements (IG-20-006)
"November 14, 2019",https://oig.nasa.gov/docs/IG-20-005.pdf,NASA's Management of Crew Transportation to the International Space Station (IG-20-005)
"November 7, 2019",https://oig.nasa.gov/docs/IG-20-004.pdf,Review of NASA's Fiscal Year 2019 Digital Accountability and Transparency Act Submission (IG-20-004)
"October 30, 2019",https://oig.nasa.gov/docs/ML-20-001.pdf,"Memorandum, Fiscal Year 2019 Risk Assessment of NASA's Charge Card Programs (ML-20-001)"
"October 21, 2019",https://oig.nasa.gov/docs/IG-20-001-R.pdf,NASA's Security Management Practices (IG-20-001 Redacted)
"June 18, 2019",https://oig.nasa.gov/docs/IG-19-022.pdf,Cybersecurity Management and Oversight at the Jet Propulsion Laboratory (IG-19-022)
"June 3, 2019",https://oig.nasa.gov/docs/IG-19-020.pdf,NASA's Compliance with the Improper Payments Information Act for Fiscal Year 2018 (IG-19-020)
"May 29, 2019",https://oig.nasa.gov/docs/IG-19-019.pdf,Management of NASA's Europa Mission (IG-19-019)
"May 7, 2019",https://oig.nasa.gov/docs/IG-19-018.pdf,NASA's Heliophysics Portfolio (IG-19-018)
"April 25, 2019",https://oig.nasa.gov/docs/IG-19-017.pdf,"Final Memorandum, Ames Research Center Protective Services Contract (IG-19-017)"
"April 15, 2019",https://oig.nasa.gov/docs/IG-19-016.pdf,NASA's Technology Transfer Process (IG-19-016)
"March 28, 2019",https://oig.nasa.gov/docs/IG-19-015.pdf,"Final Memorandum, NASA's Strategic Assessment Contract (IG-19-015)"
"March 26, 2019",https://oig.nasa.gov/docs/IG-19-014.pdf,NASA's Engineering and Technical Services Contracts (IG-19-014)
"March 19, 2019",https://oig.nasa.gov/docs/IG-19-013.pdf,NASA's Progress with Environmental Remediation Activities at the Santa Susana Field Laboratory (IG-19-013)
"March 7, 2019",https://oig.nasa.gov/docs/IG-19-012.pdf,NASA's Compliance with Federal Export Control Laws (IG-19-012)
"March 6, 2019",https://oig.nasa.gov/docs/ML-19-002.pdf,Review of NASA's Information Security Program under the Federal Information Security Modernization for Fiscal Year 2018 Evaluation (ML-19-002)
"March 6, 2019",https://oig.nasa.gov/docs/IG-19-011.pdf,Audit of SETI Institute (IG-19-011)
"November 28, 2018",https://oig.nasa.gov/docs/IG-19-007.pdf,"Final Memorandum, NASA's Management of Extended Temporary Duty Travel (IG-19-007)"
"November 15, 2018",https://oig.nasa.gov/docs/IG-19-004.pdf,Audit of NASA's Fiscal Year 2018 Financial Statements (IG-19-004)
"October 22, 2018",https://oig.nasa.gov/docs/IG-19-002.pdf,Audit of NASA's Historic Property (IG-19-002)
"October 10, 2018",https://oig.nasa.gov/docs/IG-19-001.pdf,NASA's Management of the Space Launch System Stages Contract (IG-19-001)
"August 13, 2018",https://oig.nasa.gov/docs/SystemReview2018.pdf,External Quality Control Review of the NASA Office of Inspector General's Office of Audits by the U.S. Office of Personnel Management Office of Inspector General (System Review) (NA)
"July 30, 2018",https://oig.nasa.gov/docs/IG-18-021.pdf,NASA's Management and Utilization of the International Space Station (IG-18-021)
"May 29, 2018",https://oig.nasa.gov/docs/IG-18-018.pdf,NASA's Management of Reimbursable Agreements (IG-18-018)
"May 24, 2018",https://oig.nasa.gov/docs/IG-18-019.pdf,Audit of NASA's Information Technology Supply Chain Risk Management Efforts (IG-18-019)
"May 23, 2018",https://oig.nasa.gov/docs/IG-18-020.pdf,Audit of NASA's Security Operations Center (IG-18-020)
"May 14, 2018",https://oig.nasa.gov/docs/IG-18-017.pdf#page=3,NASA's Compliance with the Improper Payments Information Act for Fiscal Year 2017 (IG-18-017)
"April 26, 2018",https://oig.nasa.gov/docs/IG-18-016.pdf#page=3,Audit of Commercial Resupply Services to the International Space Station (IG-18-016)
"April 5, 2018",https://oig.nasa.gov/docs/IG-18-015.pdf#page=3,NASA's Management of GISS: The Goddard Institute for Space Studies (IG-18-015)
"February 28, 2018",https://oig.nasa.gov/docs/IG-18-014.pdf#page=3,Review of NASA's Purchase and Travel Card Programs (IG-18-014)
"February 8, 2018",https://oig.nasa.gov/docs/IG-18-013.pdf,NASA's Compliance with Federal Export Control Laws (IG-18-013)
"February 1, 2018",https://oig.nasa.gov/docs/IG-18-012.pdf#page=3,Audit of the National Space Biomedical Research Institute (IG-18-012)
"January 17, 2018",https://oig.nasa.gov/docs/IG-18-011.pdf#page=3,NASA's Surface Water and Ocean Topography Mission (IG-18-011)
"January 11, 2018",https://oig.nasa.gov/docs/IG-18-010.pdf#page=3,Management of the National Lab on the International Space Station (IG-18-010)
"November 15, 2017",https://oig.nasa.gov/docs/IG-18-005.pdf,Audit of NASA's Fiscal Year 2017 Financial Statements (IG-18-005)
"November 7, 2017",https://oig.nasa.gov/docs/IG-18-004.pdf#page=3,NASA's Compliance with the Digital Accountability and Transparency Act of 2014 (DATA Act) (IG-18-004)
"November 6, 2017",https://oig.nasa.gov/docs/IG-18-003-R.pdf,Federal Information Security Modernization Act: Fiscal Year 2017 Evaluation (IG-18-003)
"October 19, 2017",https://oig.nasa.gov/docs/IG-18-002.pdf#page=3,NASA's Efforts to Improve the Agency's Information Technology Governance (IG-18-002)
"October 5, 2017",https://oig.nasa.gov/docs/IG-18-001.pdf#page=3,NASA's Management of Spare Parts for its Flight Projects (IG-18-001)
"September 18, 2017",https://oig.nasa.gov/docs/IG-17-025.pdf#page=3,NASA's Research Efforts and Management of Unmanned Aircraft Systems (IG-17-025)
"May 17, 2017",https://oig.nasa.gov/docs/IG-17-021.pdf#page=3,Construction of Test Stands 4693 and 4697 at Marshall Space Flight Center (IG-17-021)
"May 15, 2017",https://oig.nasa.gov/docs/IG-17-020.pdf#page=3,NASA's Compliance with the Improper Payments Information Act for Fiscal Year 2016 (IG-17-020)
"April 26, 2017",https://oig.nasa.gov/docs/IG-17-018.pdf#page=3,NASA's Management and Development of Spacesuits (IG-17-018)
"April 13, 2017",https://oig.nasa.gov/docs/IG-17-017.pdf#page=3,NASA's Plans for Human Exploration Beyond Low Earth Orbit (IG-17-017)
"March 29, 2017",https://oig.nasa.gov/docs/IG-17-016.pdf#page=3,NASA's Parts Quality Control Process (IG-17-016)
"March 21, 2017",https://oig.nasa.gov/docs/IG-17-015.pdf#page=3,"NASA's Efforts to ""Rightsize"" its Workforce, Facilities, and Other Supporting Assets (IG-17-015)"
"March 13, 2017",https://oig.nasa.gov/docs/IG-17-013.pdf,Earth Venture Suborbital Investigations (IG-17-013)
"March 9, 2017",https://oig.nasa.gov/docs/IG-17-012.pdf#page=3,NASA's Management of Electromagnetic Spectrum (IG-17-012)
"February 8, 2017",https://oig.nasa.gov/docs/IG-17-011.pdf#page=3,Audit of Industrial Control System Security within NASA's Critical and Supporting Infrastructure (IG-17-011)
"February 7, 2017",https://oig.nasa.gov/docs/IG-17-010.pdf#page=3,Security of NASA's Cloud Computing Services (IG-17-010)
"January 30, 2017",https://oig.nasa.gov/docs/IG-17-009.pdf#page=3,Audit of the Mars 2020 Rover Project (IG-17-009)
"January 25, 2017",https://oig.nasa.gov/docs/IG-17-008.pdf,NASA's Compliance with Federal Export Contol Laws (IG-17-008)
"November 15, 2016",https://oig.nasa.gov/docs/IG-17-004.pdf,Audit of NASA's Fiscal Year 2016 Financial Statements (IG-17-004)
"November 7, 2016",https://oig.nasa.gov/docs/IG-17-002.pdf,Federal Information Security Modernization Act: Fiscal Year 2016 Evaluation (Summary) (IG-17-002)
"November 2, 2016",https://oig.nasa.gov/docs/IG-17-003.pdf#page=3,NASA's Earth Science Mission Portfolio (IG-17-003)
"September 28, 2016",https://oig.nasa.gov/docs/IG-16-030.pdf#page=3,"Follow-up Evaluation of NASA's Implementation of Executive Order 13526, Classified National Security Information (IG-16-030)"
"September 6, 2016",https://oig.nasa.gov/docs/IG-16-029.pdf#page=3,NASA's Management of the Orion Multi-Purpose Crew Vehicle Program (IG-16-029)
"September 1, 2016",https://oig.nasa.gov/docs/IG-16-028.pdf#page=3,NASA's Commercial Crew Program: Update on Development and Certification Efforts (IG-16-028)
"July 27, 2016",https://oig.nasa.gov/docs/IG-16-026.pdf,Report Mandated by the Cybersecurity Act of 2015 (IG-16-026)
"June 28, 2016",https://oig.nasa.gov/docs/IG-16-025.pdf#page=3,NASA's Response to SpaceX's June 2015 Launch Failure: Impacts on Commercial Resupply of the International Space Station (IG-16-025)
"June 9, 2016",https://oig.nasa.gov/docs/IG-16-023.pdf#page=3,Review of NASA-funded Institutes (IG-16-023)
"May 26, 2016",https://oig.nasa.gov/docs/IG-16-022.pdf#page=3,NASA's Implementation of Export Control and Foreign National Access Management Recommendations (IG-16-022)
"May 12, 2016",https://oig.nasa.gov/docs/IG-16-021.pdf#page=3,NASA's Compliance with the Improper Payments Information Act for Fiscal Year 2015 (IG-16-021)
"May 5, 2016",https://oig.nasa.gov/docs/IG-16-020.pdf#page=3,"NASA's International Partnerships: Capabilities, Benefits, and Challenges (IG-16-020)"
"May 5, 2016",https://oig.nasa.gov/docs/IG-16-017.pdf#page=3,Audit of NASA's Engineering Services Contract at Kennedy Space Center (IG-16-017)
"April 14, 2016",https://oig.nasa.gov/docs/IG-16-016.pdf,Review of NASA's Information Security Program (IG-16-016)
"March 28, 2016",https://oig.nasa.gov/docs/IG-16-015.pdf#page=3,Audit of the Spaceport Command and Control System (IG-16-015)
"March 17, 2016",https://oig.nasa.gov/docs/IG-16-014.pdf#page=3,NASA's Management of the Near Earth Network (IG-16-014)
"February 18, 2016",https://oig.nasa.gov/docs/IG-16-013.pdf,Audit of a NASA Space Grant Awarded to the University of Texas at Austin (IG-16-013)
"February 2, 2016",https://oig.nasa.gov/docs/IG-16-012.pdf,Review of NASA's Compliance with Federal Export Control Laws (IG-16-012)
"January 21, 2016",https://oig.nasa.gov/docs/IG-16-011.pdf#page=3,Audit of a NASA Research Grant Awarded to the University of Miami (IG-16-011)
"December 15, 2015",https://oig.nasa.gov/docs/IG-16-008.pdf#page=3,NASA's Efforts to Manage Its Space Technology Portfolio (IG-16-008)
"November 18, 2015",https://oig.nasa.gov/docs/IG-16-006.pdf,Audit of the National Aeronautics and Space Administration's Fiscal Year 2015 Financial Statements (IG-16-006)
"October 29, 2015",https://oig.nasa.gov/docs/IG-16-003.pdf#page=3,NASA's Efforts to Manage Health and Human Performance Risks for Space Exploration (IG-16-003)
"October 19, 2015",https://oig.nasa.gov/docs/IG-16-002.pdf,Federal Information Security Management Act: Fiscal Year 2015 Evaluation (IG-16-002)
"October 19, 2015",https://oig.nasa.gov/docs/IG-16-001.pdf#page=3,NASA's Education Program (IG-16-001)
"September 29, 2015",https://oig.nasa.gov/docs/IG-15-024.pdf,Audit of NASA's Joint Cost and Schedule Confidence Level Process (IG-15-024)
"September 17, 2015",https://oig.nasa.gov/docs/IG-15-023.pdf,NASA's Response to Orbital's October 2014 Launch Failure: Impacts on Commercial Resupply of the International Space Station (IG-15-023)
"September 1, 2015",https://oig.nasa.gov/docs/NASA Peer Review Final 9-1-15.pdf,External Quality Control Review of the NASA Office of Inspector General's Office of Audits by the U.S. Department of State Office of Inspector General (System Review) (NA)
"July 16, 2015",https://oig.nasa.gov/docs/IG-15-022.pdf,Audit of NASA's Cooperative Agreements Awarded to Wise County Circuit Court (IG-15-022)
"July 15, 2015",https://oig.nasa.gov/docs/IG-15-021.pdf,Audit of NASA's Management of International Space Station Operations and Maintenance Contracts (IG-15-021)
"June 30, 2015",https://oig.nasa.gov/docs/IG-15-019.pdf,Review of NASA's Pressure Vessels and Pressurized Systems Program (IG-15-019)
"June 29, 2015",https://oig.nasa.gov/docs/IG-15-018.pdf,Audit of NASA's Cooperative Agreement Award to the City of New Orleans (IG-15-018)
"May 15, 2015",https://oig.nasa.gov/docs/IG-15-015.pdf,NASA's Compliance with the Improper Payments Act for Fiscal Year 2014 (IG-15-015)
"April 23, 2015",https://oig.nasa.gov/docs/IG-15-014.pdf,Audit of NASA's Requirements for Plum Brook Station (IG-15-014)
"March 26, 2015",https://oig.nasa.gov/docs/IG-15-013.pdf,NASA's Management of the Deep Space Network (IG-15-013)
"March 18, 2015",https://oig.nasa.gov/docs/IG-15-012.pdf,NASA's Launch Support and Infrastructure Modernization:  Assessment of the Ground Systems Needed to Launch SLS and Orion (IG-15-012)
"January 28, 2015",https://oig.nasa.gov/docs/Memorandum-ReviewofNASA'sCompliancewithFederalExportControlLaws.pdf,Review of NASA's Compliance with Federal Export Control Laws (NA)
"December 17, 2014",https://oig.nasa.gov/docs/IG-15-010.pdf,Costs Incurred on NASA's Cost-Type Contracts (IG-15-010)
"December 16, 2014",https://oig.nasa.gov/docs/IG-15-009.pdf,NASA's Use of Blanket Purchase Agreements (IG-15-009)
"November 26, 2014",https://oig.nasa.gov/docs/IG-15-006.pdf,Audit of the National Aeronautics and Space Administration's Fiscal Year 2014 Financial Statements (IG-15-006)
"November 13, 2014",https://oig.nasa.gov/docs/IG-15-004.pdf,Federal Information Security Management Act: Fiscal Year 2014 Evaluation (IG-15-004)
"October 23, 2014",https://oig.nasa.gov/docs/IG-15-003.pdf,NASA's Launch Support and Infrastructure Modernization:  Commercial Space Launch Activities at Kennedy Space Center (IG-15-003)
"October 21, 2014",https://oig.nasa.gov/docs/IG-15-002.pdf,Audit of NASA's Premium Air Travel (IG-15-002)
"October 9, 2014",https://oig.nasa.gov/docs/IG-15-001.pdf,The Science Mission Directorate's Mission Extension Process (IG-15-001)
"September 18, 2014",https://oig.nasa.gov/docs/IG-14-031.pdf,Extending the Operational Life of the International Space Station Until 2024 (IG-14-031)
"September 15, 2014",https://oig.nasa.gov/docs/IG-14-030.pdf,NASA's Efforts to Identify and Mitigate Near-Earth Object Hazards (IG-14-030)
"August 4, 2014",https://oig.nasa.gov/docs/IG-14-028.pdf,Audit of NASA's Cooperative Agreement with BioServe Space Technologies - University of Colorado at Boulder (IG-14-028)
"July 23, 2014",https://oig.nasa.gov/docs/IG-14-027.pdf,Audit of Grant Awarded to North Carolina State University (IG-14-027)
"July 22, 2014",https://oig.nasa.gov/docs/IG-14-026.pdf,Audit of the Space Network's Physical and Information Technology Security Risks (IG-14-026)
"July 16, 2014",https://oig.nasa.gov/docs/IG-14-024.pdf,NASA's Independent Verification and Validation Program (IG-14-024)
"July 14, 2014",https://oig.nasa.gov/docs/IG-14-025.pdf,Audit of NASA's Cooperative Agreement Awarded to Rockwell Collins (IG-14-025)
"July 10, 2014",https://oig.nasa.gov/docs/IG-14-023.pdf,Security of NASA's Web Applications (IG-14-023)
"July 9, 2014",https://oig.nasa.gov/docs/IG-14-022.pdf,SOFIA:  NASA's Stratospheric Observatory for Infrared Astronomy (IG-14-022)
"July 2, 2014",https://oig.nasa.gov/docs/IG-14-021.pdf,Audit of NASA's Environmental Restoration Efforts (IG-14-021)
"June 5, 2014",https://oig.nasa.gov/docs/IG-14-020.pdf,NASA's Use of Space Agreements (IG-14-020)
"April 29, 2014",https://oig.nasa.gov/docs/IG-14-018.pdf,NASA's Management of its Space Network (IG-14-018)
"April 15, 2014",https://oig.nasa.gov/docs/IG-14-016.pdf,NASA's Compliance with the Improper Payments Information Act for Fiscal Year 2013 (IG-14-016)
"February 27, 2014",https://oig.nasa.gov/docs/IG-14-015.pdf,"NASA's Management of its Smartphones, Tablets, and Other Mobile Devices (IG-14-015)"
"February 12, 2014",https://oig.nasa.gov/docs/IG-14-014.pdf,NASA's Award Contract Closeout Process (IG-14-014)
"February 4, 2014",https://oig.nasa.gov/docs/IG-14-013.pdf,Review of NASA's Contract for Computer Equipment and Services (IG-14-013)
"January 30, 2014",https://oig.nasa.gov/docs/IG-14-012.pdf,Review of NASA's Management Strategy for Conducting Aeronautics Research (IG-14-012)
"January 29, 2014",https://oig.nasa.gov/docs/LettertoCongress_ReviewofNASACompliancewithFederalExportControlLaws.pdf,Review of NASA's Compliance with Federal Export Control Laws (NA)
"January 15, 2014",https://oig.nasa.gov/docs/IG-14-010.pdf,NASA's Strategic Sourcing Program (IG-14-010)
"January 8, 2014",https://oig.nasa.gov/docs/IG-14-009.pdf,Core Stage Testing for NASA's Space Launch System (IG-14-009)
"December 17, 2013",https://oig.nasa.gov/docs/IG-14-006.pdf,Audit of the National Aeronautics and Space Administration's Fiscal Year 2013 Financial Statements (IG-14-006)
"November 20, 2013",https://oig.nasa.gov/docs/IG-14-004.pdf,Federal Information Security Management Act: Fiscal Year 2013 Evaluation (IG-14-004)
"November 19, 2013",https://oig.nasa.gov/docs/IG-14-003.pdf,NASA's Use of Award-fee Contracts (IG-14-003)
"November 13, 2013",https://oig.nasa.gov/docs/IG-14-001.pdf,NASA's Management of its Commercial Crew Program (IG-14-001)
"September 26, 2013",https://oig.nasa.gov/docs/IG-13-023.pdf,NASA's Compliance with Executive Order 13526: Classified National Security Information (IG-13-023)
"August 15, 2013",https://oig.nasa.gov/docs/IG-13-022.pdf,NASA's Orion Multi-Purpose Crew Vehicle (IG-13-022)
"July 29, 2013",https://oig.nasa.gov/docs/IG-13-021.pdf,NASA's Adoption of Cloud-Computing Technologies (IG-13-021)
"July 18, 2013",https://oig.nasa.gov/docs/IG-13-020.pdf,Audit of Selected NASA Conferences (IG-13-020)
"July 8, 2013",https://oig.nasa.gov/docs/IG-13-019.pdf,NASA's Efforts to Maximize Research on the International Space Station (ISS) (IG-13-019)
"June 13, 2013",https://oig.nasa.gov/docs/IG-13-016.pdf,NASA's Commercial Cargo Program (IG-13-016)
"June 5, 2013",https://oig.nasa.gov/docs/IG-13-015.pdf,NASA's Information Technology (IT) Governance (IG-13-015)
"April 8, 2013",https://oig.nasa.gov/docs/IG-13-014.pdf,NASA's Management of Energy Savings Contracts (IG-13-014)
"March 27, 2013",https://oig.nasa.gov/docs/IG-13-013.pdf,NASA's Explosives Safety Program (IG-13-013)
"March 18, 2013",https://oig.nasa.gov/docs/IG-13-006.pdf,NASA's Process for Acquiring Information Technology Security Assessment and Monitoring Tools (IG-13-006)
"March 14, 2013",https://oig.nasa.gov/docs/IG-13-011.pdf,NASA'S Compliance with the Improper Payments Information Act for Fiscal Year 2012 (IG-13-011)
"February 28, 2013",https://oig.nasa.gov/docs/IG-13-010.pdf,Review of NASA's Internal Controls for Awards with Small Businesses (IG-13-010)
"February 21, 2013",https://oig.nasa.gov/docs/IG-13-009.pdf,Review of Mars Atmosphere and Volatile Evolution (MAVEN) Project (IG-13-009)
"February 14, 2013",https://oig.nasa.gov/docs/IG-13-007.pdf,NASA's Environmental Remediation Efforts at the Santa Susana Field Laboratory (IG-13-007)
"February 12, 2013",https://oig.nasa.gov/docs/IG-13-008.pdf,NASA's Efforts to Reduce Unneeded Infrastructure and Facilities (IG-13-008)
"January 29, 2013",https://oig.nasa.gov/docs/LettertoCongress-ReviewofNASA'sCompliancewithFederalExportControlLaws(NA).pdf,Review of NASA's Compliance with Federal Export Control Laws (NA)
"November 15, 2012",https://oig.nasa.gov/docs/IG-13-003-summary.pdf,Audit of the National Aeronautics and Space Administration's Fiscal Year 2012 Financial Statements (IG-13-003)
"October 10, 2012",https://oig.nasa.gov/docs/IG-13-001-summary.pdf,Federal Information Security Management Act: Fiscal Year 2012 Evaluation (IG-13-001)
"September 27, 2012",https://oig.nasa.gov/docs/IG-12-021.pdf,"NASA's Challenges to Meeting Cost, Schedule, and Performance Goals (IG-12-021)"
"September 26, 2012",https://oig.nasa.gov/docs/System-Review.pdf,U.S. Department of Commerce Office of Inspector General's External Quality Control Review of the NASA Office Inspector General's Office of Audits (NA)
"September 25, 2012",https://oig.nasa.gov/docs/IG-12-022.pdf,NASA's Plans for the Ares I Mobile Launcher (IG-12-022)
"August 9, 2012",https://oig.nasa.gov/docs/IG-12-020.pdf,NASA's Infrastructure and Facilities: An Assessment of the Agency's Real Property Leasing Practices (IG-12-020)
"August 8, 2012",https://oig.nasa.gov/docs/IG-12-017.pdf,Review of NASA's Computer Security Incident Detection and Handling Capability (IG-12-017)
"August 3, 2012",https://oig.nasa.gov/docs/IG-12-019.pdf,Audit of NASA Grant Awarded to HudsonAlpha Institute for Biotechnology (IG-12-019)
"July 26, 2012",https://oig.nasa.gov/docs/IG-12-018.pdf,Audit of NASA Grants to the Philadelphia College Opportunity Resources for Education (IG-12-018)
"June 22, 2012",https://oig.nasa.gov/docs/IG-12-016.pdf,Audit of NASA Grants Awarded to the Alabama Space Science Exhibit Commission's U.S. Space and Rocket Center (IG-12-016)
"May 1, 2012",https://oig.nasa.gov/docs/IG-12-015.pdf,"NASA's Efforts to Identify, Report, and Recapture Improper Payments (IG-12-015)"
"April 30, 2012",https://oig.nasa.gov/docs/IG-12-011.pdf,NASA's Use of Research Announcement Awards for Aeronautics Research (IG-12-011)
"March 14, 2012",https://oig.nasa.gov/docs/IG-12-014.pdf,Final Memorandum on NASA's Compliance with Provisions of the Duncan Hunter National Defense Authorization Act 2009 - Management of Cost-Reimbursement Contracts (IG-12-014)
"March 6, 2012",https://oig.nasa.gov/docs/IG-12-012.pdf,Review of NASA's Lessons Learned Information System (IG-12-012)
"March 1, 2012",https://oig.nasa.gov/docs/IG-12-013.pdf,Audit of NASA's Process for Transferring Technology to the Government and Private Sector (IG-12-013)
"February 16, 2012",https://oig.nasa.gov/docs/IG-12-010.pdf,Audit of NASA's Purchase and Travel Card Programs (IG-12-010)
"February 2, 2012",https://oig.nasa.gov/docs/IG-12-009-r.pdf,NASA's Management of Small Business Innovation Research and Small Business Technology Transfer Contracts Funded by the Recovery Act (IG-12-009-R)
"January 25, 2012",https://oig.nasa.gov/docs/Export_Control_Letter(1-25-12).pdf,Review of NASA's Compliance with Federal Export Control Laws (NA)
"December 19, 2011",https://oig.nasa.gov/docs/IG-12-008.pdf,NASA's Infrastructure and Facilities: An Assessment of the Agency's Real Property Master Planning (IG-12-008)
"December 8, 2011",https://oig.nasa.gov/docs/IG-12-007.pdf,"NASA'S Management of Moon Rocks and Other Astromaterials Loaned for Research, Education, and Public Display (IG-12-007)"
"December 5, 2011",https://oig.nasa.gov/docs/IG-12-006.pdf,NASA Faces Significant Challenges in Transitioning to a Continuous Monitoring Approach for Its Information Technology Systems (IG-12-006)
"November 15, 2011",https://oig.nasa.gov/docs/IG-12-004-summary.pdf,Audit of the National Aeronautics and Space Administration's Fiscal Year 2011 Financial Statements (IG-12-004)
"October 17, 2011",https://oig.nasa.gov/docs/IG-12-002.pdf,"Annual Report, ""Federal Information Security Management Act: Fiscal Year 2011 Evaluation"" (IG-12-002)"
"September 29, 2011",https://oig.nasa.gov/docs/IG-11-027.pdf,A Review of NASA's Replacement of Radiation Monitoring Equipment on the International Space Station (IG-11-027)
"September 12, 2011",https://oig.nasa.gov/docs/IG-11-026.pdf,NASA's Grant Administration and Management (IG-11-026)
"September 1, 2011",https://oig.nasa.gov/docs/IG-11-025.pdf,NASA's Use of Recovery Act Funds to Repair Hurricane Damage at Johnson Space Center (IG-11-025)
"August 10, 2011",https://oig.nasa.gov/docs/IG-11-023.pdf,NASA's Payments for Academic Training and Degrees (IG-11-023)
"August 4, 2011",https://oig.nasa.gov/docs/IG-11-024.pdf,NASA Infrastructure and Facilities: Assessment of Data Used to Manage Real Property Assets (IG-11-024)
"June 30, 2011",https://oig.nasa.gov/docs/IG-11-022.pdf,NASA's Challenges Certifying and Acquiring Commercial Crew Transportation Services (IG-11-022)
"June 22, 2011",https://oig.nasa.gov/docs/IG-11-020.pdf,NASA's Hangar One Re-siding Project (IG-11-020)
"June 8, 2011",https://oig.nasa.gov/docs/IG-11-019.pdf,NASA's Management of the Mars Science Laboratory Project (IG-11-019)
"June 2, 2011",https://oig.nasa.gov/docs/IG-11-018.pdf,NASA's Management of the NPOESS Preparatory Project (IG-11-018)
"March 28, 2011",https://oig.nasa.gov/docs/IG-11-017.pdf,Inadequate Security Practices Expose Key NASA Network to Cyber Attack (IG-11-017)
"March 15, 2011",https://oig.nasa.gov/docs/IG-11-016.pdf,Preparing for the Space Shuttle Program's Retirement: Review of NASA's Controls over Public Sales of Space Shuttle Property (IG-11-016)
"March 3, 2011",https://oig.nasa.gov/docs/IG-11-014.pdf,NASA's Use of Recovery Act Funds for the James Webb Space Telescope Project (IG-11-014)
"March 2, 2011",https://oig.nasa.gov/docs/IG-11-015.pdf,Audit of NASA's Facilities Maintenance (IG-11-015)
"February 17, 2011",https://oig.nasa.gov/docs/IG-11-012.pdf,Review of NASA's Acquisition of Commercial Launch Services (IG-11-012)
"February 1, 2011",https://oig.nasa.gov/docs/IG-11-013.pdf,Status of Services Transferred from NASA Centers and Headquarters to the NASA Shared Services Center (IG-11-013)
"January 31, 2011",https://oig.nasa.gov/docs/Export_Control_Letter(1-31-11).pdf,Review of NASA's Compliance with Federal Export Control Laws (NA)
"January 12, 2011",https://oig.nasa.gov/docs/IG-11-010-R.pdf,Review of NASA's Management of Its Small Business Innovation Research Program (IG-11-010-R)
"December 13, 2010",https://oig.nasa.gov/docs/IG-11-004.pdf,Review of the Jet Propulsion Laboratory's Occupational Safety Program (IG-11-004)
"December 7, 2010",https://oig.nasa.gov/docs/IG-11-009.pdf,Preparing for the Space Shuttle Program's Retirement: A Review of NASA's Disposition of Information Technology Equipment (IG-11-009)
"November 16, 2010",https://oig.nasa.gov/docs/IG-11-007-R.pdf,"Transmittal of the Final Report, ""Information Technology Management Letter Comments,"" Prepared by Ernst & Young LLP in Connection with the Audit of NASA's Fiscal Year 2010 Financial Statements (IG-11-007-R)"
"November 15, 2010",https://oig.nasa.gov/docs/IG-11-008.pdf,Audit of the National Aeronautics and Space Administration's Fiscal Year 2010 Special-Purpose Financial Statements (IG-11-008)
"November 15, 2010",https://oig.nasa.gov/docs/IG-11-006.pdf,Audit of the National Aeronautics and Space Administration's Fiscal Year 2010 Financial Statements (IG-11-006)
"November 10, 2010",https://oig.nasa.gov/docs/IG-11-005-summary.pdf,"Annual Report, ""Federal Information Security Management Act: Fiscal Year 2010 Report from the Office of Inspector General"" (IG-11-005)"
"November 10, 2010",https://oig.nasa.gov/docs/IG-11-003.pdf,Final Memorandum Assessing Launch Services Program's Interim Response Team Training Requirements (IG-11-003)
"September 21, 2010",https://oig.nasa.gov/docs/IG-10-023.pdf,Review of NASA's Tracking and Data Relay Satellite System (IG-10-023)
"September 16, 2010",https://oig.nasa.gov/docs/IG-10-024.pdf,Review of NASA's Management and Oversight of Its Information Technology Security Program (IG-10-024)
"September 14, 2010",https://oig.nasa.gov/docs/IG-10-019.pdf,Audit of NASA's Efforts to Continuously Monitor Critical Information Technology Controls (IG-10-019)
"September 9, 2010",https://oig.nasa.gov/docs/IG-10-022.pdf,Status of NASA's Transition to Internet Protocol Version 6 (IPv6) (IG-10-022)
"August 23, 2010",https://oig.nasa.gov/docs/IG-10-021.pdf,Final Memorandum on the Office of Inspector General's Review of the Fleet Management Program at the Jet Propulsion Laboratory (IG-10-021)
"August 5, 2010",https://oig.nasa.gov/docs/IG-10-018-R.pdf,Audit of Cybersecurity Oversight of [a NASA] System (IG-10-018-R)
"July 27, 2010",https://oig.nasa.gov/docs/IG-10-017.pdf,"Audit of NASA'S Recovery Act Procurement Actions at Johnson Space Center, Goddard Space Flight Center, Langley Research Center, and Ames Research Center (IG-10-017)"
"July 6, 2010",https://oig.nasa.gov/docs/IG-10-016.pdf,NASA's Astronaut Corps: Status of Corrective Actions Related to Health Care Activities (IG-10-016)
"June 30, 2010",https://oig.nasa.gov/docs/System_Review.pdf,U.S. Department of the Treasury Office of Inspector General's External Quality Control Review of the NASA Office Inspector General's Office of Audits (OIG-CA-10-010)
"June 18, 2010",https://oig.nasa.gov/docs/IG-10-015.pdf,Review of NASA's Microgravity Flight Services (IG-10-015)
"June 1, 2010",https://oig.nasa.gov/docs/IG-10-010.pdf,Final Memorandum on Review of NASA's Payment of Task Order 389 to United Launch Alliance (IG-10-010)
"May 20, 2010",https://oig.nasa.gov/docs/IG-10-014.pdf,Final Memorandum on Review of Open Audit Recommendations Affecting Recovery Act Activities (IG-10-014)
"May 13, 2010",https://oig.nasa.gov/docs/IG-10-013-summary.pdf,"Audit Report, ""Review of the Information Technology Security of [a NASA Computer Network]"" (IG-10-013)"
"March 29, 2010",https://oig.nasa.gov/docs/IG-10-011.pdf,Review of the Constellation Program's Request to Discontinue Using the Metric System of Measurement (IG-10-011)
"March 25, 2010",https://oig.nasa.gov/docs/IG-10-012.pdf,Review of NASA's Progress on Retiring the Space Shuttle Program (IG-10-012)
"March 23, 2010",https://oig.nasa.gov/docs/IG-10-009.pdf,Final Memorandum on the Analysis of Fiscal Year 2009 NASA-Sponsored Conferences (IG-10-009)
"February 4, 2010",https://oig.nasa.gov/docs/IG-10-007.pdf,NASA's Compliance with Federal Export Control Laws and Risks Associated with the Illegal Transfer or Theft of Sensitive Technologies (IG-10-007)
"January 5, 2010",https://oig.nasa.gov/docs/IG-10-006.pdf,Final Memorandum on Analysis of NASA's Final Agency-Wide Recovery Act Plan (IG-10-006)
"January 5, 2010",https://oig.nasa.gov/docs/IG-10-005.pdf,Final Memorandum on Analysis of NASA's Final Program-Specific Recovery Act Plans (IG-10-005)
"November 16, 2009",https://oig.nasa.gov/docs/IG-10-004.pdf,Audit of National Aeronautics and Space Administration's FY 2009 Special-Purpose Financial Statements (IG-10-004)
"November 13, 2009",https://oig.nasa.gov/docs/IG-10-002.pdf,Audit of the National Aeronautics and Space Administration's Fiscal Year 2009 Financial Statements (IG-10-002)
"November 10, 2009",https://oig.nasa.gov/docs/IG-10-003-summary.pdf,"Ernst & Young LLP Final Report, ""Information Technology Management Letter Comments"" (IG-10-003)"
"November 10, 2009",https://oig.nasa.gov/docs/IG-10-001-summary.pdf,"Annual Report, ""Federal Information Security Management Act: Fiscal Year 2009 Report from the Office of Inspector General"" (IG-10-001)"
"September 25, 2009",https://oig.nasa.gov/docs/IG-09-022-R.pdf,NASA Should Reconsider the Award Evaluation Process and Contract Type for the Operation of the Jet Propulsion Laboratory (Redacted) (IG-09-022-R)
"September 2, 2009",https://oig.nasa.gov/docs/IG-09-021.pdf,The Landsat Program Is Not Meeting the Goals and Intent of the Land Remote Sensing Policy Act of 1992 (IG-09-021)
"August 28, 2009",https://oig.nasa.gov/docs/IG-09-024-summary.pdf,Final Memorandum on the Audit of the Reporting of NASA's National Security Systems (IG-09-024)
"August 13, 2009",https://oig.nasa.gov/docs/IG-09-023.pdf,Final Memorandum on Small Business Innovation Research Program (IG-09-023)
"August 3, 2009",https://oig.nasa.gov/docs/IG-09-020-R.pdf,Final Memorandum on Review of Wheeling Jesuit University Cost Proposals (IG-09-020-R)
"July 30, 2009",https://oig.nasa.gov/docs/IG-09-019.pdf,NASA Could Improve Analyses and Coordination in Support of the Joint Planning and Development Office to Develop the Next Generation Air Transportation System (IG-09-019)
"July 27, 2009",https://oig.nasa.gov/docs/IG-09-017.pdf,Opportunities to Improve the Management of the Space Flight Awareness Honoree Launch Conference Event (IG-09-017)
"July 14, 2009",https://oig.nasa.gov/docs/IG-09-018.pdf,Improvements Needed in NASA's Oversight and Monitoring of Small Business Contractor Transfers of Export-Controlled Technologies (IG-09-018)
"May 21, 2009",https://oig.nasa.gov/docs/IG-09-016.pdf,NASA's Management of Ares I Human-Rating Requirements (IG-09-016)
"April 27, 2009",https://oig.nasa.gov/docs/IG-09-015.pdf,NASA's Processes for Providing Personal Identity Verification (PIV) Cards Were Not Completely Effective in Meeting Federal Requirements (IG-09-015)
"April 24, 2009",https://oig.nasa.gov/docs/IG-09-014.pdf,Final Memorandum on the Audit of NASA's Implementation of Defense Contract Audit Agency Audit Recommendations during the Administration of Cost-Reimbursable Procurement Actions (IG-09-014)
"March 27, 2009",https://oig.nasa.gov/docs/IG-09-013.pdf,Final Memorandum on the Audit of the Stratospheric Observatory for Infrared Astronomy (SOFIA) Program Management Effectiveness (IG-09-013)
"March 19, 2009",https://oig.nasa.gov/docs/IG-09-012.pdf,Evaluation and Oversight of NASA's University-Affiliated Spaceport Technology Development Contract Needed Improvement (IG-09-012)
"February 25, 2009",https://oig.nasa.gov/docs/IG-09-011.pdf,NASA's Constellation Standing Review Boards Established Without Due Regard for Member Independence Requirements (IG-09-011)
"January 29, 2009",https://oig.nasa.gov/docs/IG-09-010.pdf,Required Registration Fee for the 2008 NASA General Counsel Conference (IG-09-010)
"January 5, 2009",https://oig.nasa.gov/docs/IG-09-009.pdf,Final Memorandum on the Review of the Space Shuttle Liquid Hydrogen Fuel Tank Sensor (IG-09-009)
"December 15, 2008",https://oig.nasa.gov/docs/IG-09-007summary.pdf,Information Technology Findings and Recommendations (IG-09-007)
"November 17, 2008",https://oig.nasa.gov/docs/FSauditFY2008.pdf,Audit of the National Aeronautics and Space Administration's Fiscal Year 2008 Financial Statements (IG-09-006)
"November 6, 2008",https://oig.nasa.gov/docs/IG-09-001-R.pdf,Final Memorandum on Review of NASA's Consolidation of Information Technology Purchases under the Outsourcing Desktop Initiative (Redacted) (IG-09-001-R)
"October 31, 2008",https://oig.nasa.gov/docs/IG-09-004.pdf,More Stringent Entrance Criteria Needed for Project Life-Cycle Reviews (IG-09-004)
"October 29, 2008",https://oig.nasa.gov/docs/IG-09-002.pdf,NASA's Conference Planning Process Needs Improvement (IG-09-002)
"September 30, 2008",https://oig.nasa.gov/docs/IG-08-031-summary.pdf,Federal Information Security Management Act: Fiscal Year 2008 Report from the Office of Inspector General (IG-08-031)
"September 25, 2008",https://oig.nasa.gov/docs/IG-08-032.pdf,NASA's Development of the Integrated Asset Management - PP&E Module to Provide Identified Benefits (IG-08-032)
"September 19, 2008",https://oig.nasa.gov/docs/IG-08-025-summary.pdf,Center's Security Program Needed Improvement (IG-08-025)
"September 18, 2008",https://oig.nasa.gov/docs/IG-08-030.pdf,Cost Estimates Used to Support the FY 2008 Budget Request for NASA's Constellation Program Could Have Been Better Documented (IG-08-030)
"September 5, 2008",https://oig.nasa.gov/docs/IG-08-029.pdf,Final Memorandum on the Review of Rocket Segment Handling (IG-08-029)
"September 3, 2008",https://oig.nasa.gov/docs/IG-08-027.pdf,Glenn Research Center Needs to Better Define Roles and Responsibilities for Emergency Response (IG-08-027)
"August 28, 2008",https://oig.nasa.gov/docs/IG-08-028-summary.pdf,Final Memorandum Regarding Potential Overpayment to Contractor (IG-08-028)
"July 31, 2008",https://oig.nasa.gov/docs/IG-08-024.pdf,Audit of International Space Station Contracts Government Cost and Price Analyses (IG-08-024)
"July 29, 2008",https://oig.nasa.gov/docs/A-07-019-00.pdf,Audit of NASA's Pre-Acquisition Planning for the Constellation Space Suit System (NA)
"July 22, 2008",https://oig.nasa.gov/docs/IG-08-022.pdf,NASA's Compliance with Federal Export Control Laws and Risks Associated with the Illegal Transfer or Theft of Sensitive Technologies (IG-08-022)
"July 8, 2008",https://oig.nasa.gov/docs/IG-08-021.pdf,Final Memorandum on the Review of NASA's Plan to Build the A-3 Facility for Rocket Propulsion Testing (IG-08-021)
"June 2, 2008",https://oig.nasa.gov/docs//IG-08-017.pdf,"Actions Needed to Ensure Scientific and Technical Information Is Adequately Reviewed at GSFC, JSC, LaRC, and MSFC (IG-08-017)"
"May 9, 2008",https://oig.nasa.gov/docs/IG-08-019.pdf,Final Memorandum on the Audit of NASA's Management of the Test Operations Contract (IG-08-019)
"April 28, 2008",https://oig.nasa.gov/docs/IG-08-018.pdf,Final Memorandum on the Standing Review Board for the Orion Crew Exploration Vehicle Project (IG-08-018)
"March 31, 2008",https://oig.nasa.gov/docs/IG-08-016-R.pdf,Final Memorandum on Audit of NASA's Global Precipitation Measurement Project (IG-08-016-R)
"March 31, 2008",https://oig.nasa.gov/docs/IG-08-014.pdf,Final Memorandum on the Review of the National Aviation Operations Monitoring Service (IG-08-014)
"March 24, 2008",https://oig.nasa.gov/docs/IG-08-013.pdf,Final Memorandum on Audit of NASA's Documentation of Readiness for Award Form Usage for Site-Specific Earmarks (IG-08-013)
"March 10, 2008",https://oig.nasa.gov/docs/IG-08-012.pdf,Final Memorandum on Glenn Research Center's Land-based Mobile Communication System (IG-08-012)
"February 29, 2008",https://oig.nasa.gov/docs/IG-08-011.pdf,"Status of FY 2006 Management Letter Findings and Recommendations, in connection with the audit of NASA's FY 2007 Financial Statements (IG-08-011)"
"February 28, 2008",https://oig.nasa.gov/docs/IG-08-010.pdf,Final Memorandum on Audit of Retention of NASA's Official Electronic Mail (IG-08-010)
"February 15, 2008",https://oig.nasa.gov/docs/IG-08-009.pdf,"Review of a Shuttle Training Aircraft Mishap on October 19, 2007 (IG-08-009)"
"January 30, 2008",https://oig.nasa.gov/docs/IG-08-003summary.pdf,Review of NASA's Budget Year 2008 Capital Asset Plan and Business Case (IG-08-003)
"December 19, 2007",https://oig.nasa.gov/docs/IG-08-006.pdf,Final Memorandum on NASA's Management of the Flight Project for the Geostationary Operational Environmental Satellite Series-R Program (IG-08-006)
"December 11, 2007",https://oig.nasa.gov/docs/IG-08-005.pdf,Final Memorandum on NASA's Accounting for Capitalized Real Property Designated as Inactive (IG-08-005)
"December 11, 2007",https://oig.nasa.gov/docs/IG-08-004.pdf,Final Memorandum on NASA's Accounting for Real Property Leased to Other Entities (IG-08-004)
"November 26, 2007",https://oig.nasa.gov/docs/IG-08-002summary.pdf,Information Technology Findings and Recommendations (IG-08-002)
"November 15, 2007",https://oig.nasa.gov/docs/IG-08-001.pdf,Audit of the National Aeronautics and Space Administration's Fiscal Year 2007 Financial Statements (IG-08-001)
"September 28, 2007",https://oig.nasa.gov/docs/IG-07-034summary.pdf,Federal Information Security Management Act: Fiscal Year 2007 Report from the Office of Inspector General (IG-07-034)
"September 28, 2007",https://oig.nasa.gov/docs/IG-07-033.pdf,Final Memorandum on the Audit of Requirements for Testing Facilities at Plum Brook Station (IG-07-033)
"September 28, 2007",https://oig.nasa.gov/docs/IG-07-031.pdf,Final Report System Integration Testing of the Systems Applications and Products Version Update Project Needed Improvement (IG-07-031)
"September 28, 2007",https://oig.nasa.gov/docs/IG-07-030.pdf,Final Report of Audit of Marshall Space Flight Center's Administration of Government Property Held Off-Site by Contractors (IG-07-030)
"September 28, 2007",https://oig.nasa.gov/docs/IG-07-027.pdf,Final Memorandum on Observations on the Review and Approval of Glenn Research Center's Relocation of the Cryogenic Components Laboratory Facility (IG-07-027)
"September 26, 2007",https://oig.nasa.gov/docs/IG-07-035summary.pdf,Final Audit Report on Assessment of NASA's Certification and Accreditation Process (IG-07-035)
"September 24, 2007",https://oig.nasa.gov/docs/IG-07-032.pdf,Effective Inspection Program Key to Improving Laboratory Safety at Glenn Research Center (IG-07-032)
"September 19, 2007",https://oig.nasa.gov/docs/IG-07-026.pdf,Final Memorandum on the Audit of Space Shuttle Program Costs (IG-07-026)
"September 18, 2007",https://oig.nasa.gov/docs/IG-07-029-R.pdf,Final Memorandum on Audit of NASA Education and Training Grants (Redacted) (IG-07-029-R)
"September 6, 2007",https://oig.nasa.gov/docs/IG-07-023summary.pdf,NASA's Reporting of Performance Measure Data for the Federal Information Security Management Act (FISMA) Needed Improvement at Four Centers and NASA Headquarters (IG-07-023)
"August 28, 2007",https://oig.nasa.gov/docs/IG-07-024summary.pdf,Final Memorandum on NASA's Implementation of the Privacy Provisions of the Electronic Government Act (IG-07-024)
"August 14, 2007",https://oig.nasa.gov/docs/IG-07-025.pdf,Final Memorandum on Audit of NASA's Compliance with Federal Internal Control Reporting Requirements (IG-07-025)
"August 9, 2007",https://oig.nasa.gov/docs/IG-07-028.pdf,Audit of NASA's Management and Funding of Fiscal Year 2006 Congressional Earmarks (IG-07-028)
"July 24, 2007",https://oig.nasa.gov/docs/IG-07-013.pdf,Final Memorandum on Marshall Space Flight Center's Approach to Establishing Product Data Management and Mechanical Computer-Aided Design Software Tools as Standard Center-Wide (IG-07-013)
"July 20, 2007",https://oig.nasa.gov/docs/ml-07-010summary.pdf,Letter to Congress on NASA's Export Controls (ML-07-010)
"July 20, 2007",https://oig.nasa.gov/docs/IG-07-022.pdf,Internal Controls over NASA's Transit Subsidy Program at Headquarters and Goddard Space Flight Center Needed Improvement (IG-07-022)
"July 18, 2007",https://oig.nasa.gov/docs/IG-07-019.pdf,NASA Could Improve Controls and Lower the Costs of the Intergovernmental Personnel Act Mobility Program (IG-07-019)
"July 5, 2007",https://oig.nasa.gov/docs/IG-07-018.pdf,Final Memorandum on the Audit of Federal Emergency Management Agency Mission Assignments for Hurricane Katrina Disaster Relief (IG-07-018)
"June 19, 2007",https://oig.nasa.gov/docs/IG-07-017.pdf,Final Memorandum on Audit of NASA's Workers' Compensation Program for the Office of Inspector General (IG-07-017)
"June 19, 2007",https://oig.nasa.gov/docs/IG-07-014summary.pdf,"Controls over the Detection, Response, and Reporting of Network Security Incidents Needed Improvement at the Four NASA Centers Reviewed (IG-07-014)"
"May 29, 2007",https://oig.nasa.gov/docs/Q-06-005-00.pdf,Final Memorandum on Post-Closure Follow-Up Review for Audit Recommendations Closed During FYs 2001-2005 (Q-06-005-00)
"May 17, 2007",https://oig.nasa.gov/docs/IG-07-016.pdf,Final Memorandum on the Audit of the Management of Aircraft Operations (IG-07-016)
"May 17, 2007",https://oig.nasa.gov/docs/IG-07-015.pdf,NASA Mission Management and Program Support Aircraft A-76 Studies (IG-07-015)
"March 30, 2007",https://oig.nasa.gov/docs/ml-07-006.pdf,Final Memorandum Addressing Unneccessary Subcontract Costs and Other Deficiencies in GSFC's Multiple Award Schedule Procurement Process (ML-07-006)
"March 29, 2007",https://oig.nasa.gov/docs/IG-07-012.pdf,Internal Controls to Detect and Prevent Unauthorized and Potentially Fraudulent Purchase Card Transactions at Four NASA Centers Needed Improvement (IG-07-012)
"March 13, 2007",https://oig.nasa.gov/docs/ml-07-005.pdf,Final Memorandum on Follow-Up Review of the Management of the Headquarters Exchange (ML-07-005)
"January 29, 2007",https://oig.nasa.gov/docs/IG-07-005.pdf,NASA's Plan for Space Shuttle Transition Could Be Improved by Following Project Management Guidelines (IG-07-005)
"January 9, 2007",https://oig.nasa.gov/docs/ml-07-004.pdf,Final Memorandum on the Review of T-0 Access Stair Trucks Located at Dryden Flight Research Center (ML-07-004)
"December 19, 2006",https://oig.nasa.gov/docs/A-04-013-01-summary.pdf,"NASA Lacks Procedures to Define, Recognize and Protect Meta-Data (NA)"
"November 21, 2006",https://oig.nasa.gov/docs/IG-07-003.pdf,Governance of the SAP Version Update Project Needs Improvement (IG-07-003)
"November 20, 2006",https://oig.nasa.gov/docs/IG-07-002.pdf,NASA Implemented the Project Management Information Improvement (PMI2) Initiative but Crosswalk and Training Need to be Completed (IG-07-002)
"November 9, 2006",https://oig.nasa.gov/docs/IG-07-004.pdf,Audit of the National Aeronautics and Space Administration's Fiscal Year 2006 Financial Statements (IG-07-004)
"November 2, 2006",https://oig.nasa.gov/docs/ml-07-001.pdf,Final Memorandum on Observations on the Review and Approval of Glenn Research Center's Relocation of the Altitude Combustion Stand Facility (ML-07-001)
"September 28, 2006",https://oig.nasa.gov/docs/ig-06-021-summary.pdf,Federal Information Security Management Act: Fiscal Year 2006 Report from the Office of Inspector General Report (IG-06-021)
"September 25, 2006",https://oig.nasa.gov/docs/ml-06-011.pdf,Audit of NASA's Use of Defense Contract Audit Agency (DCAA) Services in Managing NASA Contracts (ML-06-011)
"September 22, 2006",https://oig.nasa.gov/docs/ml-06-013-summary.pdf,NASA's compliance with Office of Management and Budget Memorandum M-06-16 (ML-06-013)
"September 14, 2006",https://oig.nasa.gov/docs/ig-06-017.pdf,NASA's Information Technology Capital Planning and Investment Control (IG-06-017)
"September 12, 2006",https://oig.nasa.gov/docs/ig-06-020.pdf,NASA Can Improve Its Mitigation of Risks Associated with International Agreements with Japan for Science Projects (IG-06-020)
"September 5, 2006",https://oig.nasa.gov/docs/ig-06-018.pdf,Final Memorandum on the Audit of the OIG Office of Investigations Confidential Fund for Fiscal Year 2005 (IG-06-018)
"August 30, 2006",https://oig.nasa.gov/docs/ig-06-014.pdf,Space Shuttle Program Problem Reporting and Corrective Action Process at Kennedy Space Center Needs Improvement (IG-06-014)
"August 29, 2006",https://oig.nasa.gov/docs/ml-06-009.pdf,Final Memorandum on the Audit of the Management of Hurricane Katrina Disaster Relief Efforts (ML-06-009)
"August 29, 2006",https://oig.nasa.gov/docs/ig-06-016.pdf,NASA's Implementation of the National Incident Management System (IG-06-016)
"August 28, 2006",https://oig.nasa.gov/docs/ig-06-013.pdf,Subcontract Management by United Space Alliance under the Space Flight Operations Contract (IG-06-013)
"August 23, 2006",https://oig.nasa.gov/docs/S06012.pdf,Final Memorandum on NASA's Acquisition Approach Regarding Requirements for Certain Engineering Software Tools to Support NASA Programs (S-06-012)
"August 10, 2006",https://oig.nasa.gov/docs/A-06-006.pdf,Final Memorandum NASA Educational and Training Grants (A-06-006)
"July 11, 2006",https://oig.nasa.gov/docs/S-06-003.pdf,Final Memorandum on Improvements Needed in NASA's Evaluation and Selection Processes under NASA Research Announcements (S-06-003)
"June 2, 2006",https://oig.nasa.gov/docs/ig-06-008-summary.pdf,Security of [a NASA Center's Computer] Network (IG-06-008)
"June 1, 2006",https://oig.nasa.gov/docs/a-05-010.pdf,Review of NASA's Wind Tunnel User Fees (A-05-010)
"May 9, 2006",https://oig.nasa.gov/docs/ig-06-011.pdf,Final Memorandum on the Audit of NASA's Response to Columbia Accident Investigation Board Recommendations Concerning MMT Training (IG-06-011)
"May 9, 2006",https://oig.nasa.gov/docs/ig-06-010-r.pdf,NASA Should Improve Employee Awareness of Requirements for Identifying and Handling Sensitive But Unclassified Information (Redacted) (IG-06-010-R)
"April 28, 2006",https://oig.nasa.gov/docs/ig-06-012.pdf,Final Memorandum on the Review of Space Shuttle Cold Plates (IG-06-012)
"April 10, 2006",https://oig.nasa.gov/docs/ig-06-009.pdf,Antideficiency Act Violations at the National Aeronautics and Space Administration (IG-06-009)
"March 21, 2006",https://oig.nasa.gov/docs/ig-06-004-summary.pdf,Information Assurance Controls on [a Center's Networked] Systems Need Strengthening (IG-06-004)
"March 17, 2006",https://oig.nasa.gov/docs/ig-06-007-summary.pdf,NASA's Implementation of Patch Management Software Is Incomplete (IG-06-007)
"March 14, 2006",https://oig.nasa.gov/docs/ig-06-006.pdf,Final Memorandum on NASA's Policies for Protecting Technology Exported to Foreign Entities (IG-06-006)
"February 23, 2006",https://oig.nasa.gov/docs/Congressional_Letter-summary.pdf,Letter to Congress on NASA's Export Controls (NA)
"February 6, 2006",https://oig.nasa.gov/docs/ig-06-003-R.pdf,Integrated Enterprise Management Program Contract Oversight Needs Improvement (IG-06-003-R)
"January 30, 2006",https://oig.nasa.gov/docs/S-05-01300.pdf,Review of NASA's Classroom of the Future Cooperative Agreement with WJ University (S-05-01300)
"January 23, 2006",https://oig.nasa.gov/docs/S-06-00200.pdf,Final Memorandum on the Procurement of Organizational Development and Training Services at Goddard Space Flight Center (S-06-00200)
"January 19, 2006",https://oig.nasa.gov/docs/a-05-025.pdf,Review of the Use of Voice Over Internet Protocol at NASA (A-05-025)
"January 17, 2006",https://oig.nasa.gov/docs/a-05-014.pdf,Early Planning for the Integrated Enterprise Management Program's Contract Management Module Requirements and Life-Cycle Operations. (A-05-014)
"December 20, 2005",https://oig.nasa.gov/docs/reforms.pdf,Letter to Congress on Contract Reform (NA)
"December 20, 2005",https://oig.nasa.gov/docs/s0600100-summary.pdf,Final Memorandum on the Review of Unallowable Costs Charged to NASA/Marshall Space Flight (NA)
"September 30, 2005",https://oig.nasa.gov/docs/ig-05-027-summary.pdf,Information Technology Security Controls on NASA's Administrative Systems and Networks in [NASA Installations] (IG-05-027)
"September 29, 2005",https://oig.nasa.gov/docs/ig-05-026-summary.pdf,Federal Information Security Management Act: Fiscal Year 2005 Report from the Office of Inspector General (IG-05-026)
"September 28, 2005",https://oig.nasa.gov/docs/A-04-037-00.pdf,Audit of Management of International Space Station Risks (A-04-037-00)
"September 16, 2005",https://oig.nasa.gov/docs/ig-05-025-summary.pdf,NASA's Performance Measure Data Under the Federal Information Security Management Act (IG-05-025)
"September 14, 2005",https://oig.nasa.gov/docs/A-05-026-00.pdf,"Preliminary Observations on the Review of NASA's Readiness to Implement Project Management Information Improvement, Phase I (A-05-026-00)"
"August 19, 2005",https://oig.nasa.gov/docs/ig-05-024.pdf,Risks Associated with NASA's Plan for Technical Authority and Safety and Mission Assurance (IG-05-024)
"July 14, 2005",https://oig.nasa.gov/docs/ig-05-023.pdf,Space Shuttle Orbiter Wiring Inspection (IG-05-023)
"July 6, 2005",https://oig.nasa.gov/docs/ig-05-022.pdf,Sole-Source Purchase Orders Under Simplified Acquisition Procedures (IG-05-022)
"June 9, 2005",https://oig.nasa.gov/docs/ig-05-021-summary.pdf,Use of Peer-to-Peer (P2P) File Sharing at [a NASA Center] (IG-05-021)
"June 3, 2005",https://oig.nasa.gov/docs/ig-05-020.pdf,Synopsis of Management Issues Associated with NASA's Integrated Financial Management Program (IG-05-020)
"May 13, 2005",https://oig.nasa.gov/docs/ig-05-018.pdf,Memorandum on NASA's Plans and Actions to Improve Kennedy Space Center Quality Assurance (IG-05-018)
"May 13, 2005",https://oig.nasa.gov/docs/ig-05-017.pdf,"Sole-Source Contract Actions Citing ""Only One Responsible Source"" (IG-05-017)"
"May 13, 2005",https://oig.nasa.gov/docs/ig-05-015.pdf,Summary of the Office of Inspector General's Reviews on Aspects of NASA's Response to the Columbia Accident Investigation Board Report (IG-05-015)
"May 12, 2005",https://oig.nasa.gov/docs/ig-05-016-summary.pdf,NASA's Information Technology Vulnerability Assessment Program (IG-05-016)
"March 30, 2005",https://oig.nasa.gov/docs/ig-05-013.pdf,Review of Organizational Structure and Management of Information Technology and Information Technology Security Services at NASA (IG-05-013)
"March 28, 2005",https://oig.nasa.gov/docs/ig-05-011-summary.pdf,Information Assurance Controls in [a System] at [a NASA Center] (IG-05-011)
"March 24, 2005",https://oig.nasa.gov/docs/fundbalance.pdf,Review of Corrections to the NASA FY 2003 Fund Balance With Treasury Account (NA)
"March 23, 2005",https://oig.nasa.gov/docs/ig-05-012.pdf,Final Memorandum on the Audit of the Office of Investigations Confidential Fund (IG-05-012)
"February 23, 2005",https://oig.nasa.gov/docs/ig-05-009-summary.pdf,Final Memorandum on the Audit of Network Perimeter Security at [a NASA Center] (IG-05-009)
"February 11, 2005",https://oig.nasa.gov/docs/ig-05-008.pdf,Audit of the Implementation of Integrated Financial Management Program (IFMP) Audit Recommendations (IG-05-008)
"January 21, 2005",https://oig.nasa.gov/docs/ig-05-007r.pdf,"NASA's Use of Bonuses, Allowances, and Other Incentives for Recruiting and Retaining Science and Engineering Personel (IG-05-007)"
"December 21, 2004",https://oig.nasa.gov/docs/ig-05-003-summary.pdf,Final Memorandum on the Assessment of NASA's Information Mission Control Center Concept (IG-05-003)
"October 20, 2004",https://oig.nasa.gov/docs/ig-05-002.pdf,Management of NASA Procurement Workforce (IG-05-002)
"October 4, 2004",https://oig.nasa.gov/docs/ig-05-001-summary.pdf,Federal Information Security Management Act: Fiscal Year 2004 Report from the Office of Inspector General (IG-05-001)
"September 28, 2004",https://oig.nasa.gov/docs/ig-04-024.pdf,Final Memorandum on Government Mandatory Inspections for Solid Rocket Booster Bolt Catchers (IG-04-024)
"September 24, 2004",https://oig.nasa.gov/docs/ig-04-027.pdf,NASA's Travel Module Lacks Management Control Structure and Compliance With Federal Requirements (IG-04-027)
"September 7, 2004",https://oig.nasa.gov/docs/ig-04-022.pdf,NASA's Actions to Improve Leadership and Managerial Training (IG-04-022)
"July 21, 2004",https://oig.nasa.gov/docs/ig-04-021.pdf,Return-to-Flight Task Group's Business Processes (IG-04-021)
"June 8, 2004",https://oig.nasa.gov/docs/ig-04-020.pdf,Status of NASA OIG Review of External Tank Thermal Protection System Debris Shedding (IG-04-020)
"April 16, 2004",https://oig.nasa.gov/docs/a-04-007-00.pdf,Status of NASA Office of Inspector General Review of Space Shuttle Imaging (A-04-007-00)
"March 30, 2004",https://oig.nasa.gov/docs/ig-04-017.pdf,Integrated Financial Management Program Budget Formulation Module (IG-04-017)
"March 23, 2004",https://oig.nasa.gov/docs/ig-04-014.pdf,Audit of Incentive/Award Fee Structure Under the Space Flight Operations Contract (IG-04-014)
"March 16, 2004",https://oig.nasa.gov/docs/ig-04-013.pdf,Internal Controls Over Columbia Accident Investigation Board (CAIB) Costs (IG-04-013)
"February 9, 2004",https://oig.nasa.gov/docs/ig-04-010.pdf,Review of the Girvan Institute of Technology Cooperative Agreement (IG-04-010)
"February 4, 2004",https://oig.nasa.gov/docs/ig-04-011.pdf,Stennis Space Center's Pressure Vessel and Pressurized System Program Needs Significant Improvements (IG-04-011)
"January 8, 2004",https://oig.nasa.gov/docs/ig-04-007.pdf,"Review of Sole-Source and Limited Competition Contract Actions Citing ""Unusual and Compelling Urgency"" (IG-04-007)"
"December 8, 2003",https://oig.nasa.gov/docs/memo120803.pdf,Comments on Proposed Options for NASA's Implementation of CAIB Recommendations 7.5-1 and 7.5-2 (NA)
"September 29, 2003",https://oig.nasa.gov/docs/ig-03-028.pdf,Summary Report on Audit of Integrated Financial Management Program Core Financial Module (IG-03-028)
"September 29, 2003",https://oig.nasa.gov/docs/ig-03-023.pdf,Failures in Cost Estimating and Risk Management Weaknesses in Prior Space Launch Initiative (IG-03-023)
"September 26, 2003",https://oig.nasa.gov/docs/ig-03-027.pdf,Audit of Wind Tunnel Utilization (IG-03-027)
"September 16, 2003",https://oig.nasa.gov/docs/ig-03-021.pdf,Contract Data Reports (IG-03-021)
"August 25, 2003",https://oig.nasa.gov/docs/ig-03-025.pdf,NASA's Purchase Card Program Was Effective; Additional Controls Will Further Reduce Risk (IG-03-025)
"August 22, 2003",https://oig.nasa.gov/docs/ig-03-024.pdf,Oversight of Prime Contractors' Noncompetitive Subcontracting (IG-03-024)
"July 31, 2003",https://oig.nasa.gov/docs/IPAletter.pdf,Intergovernmental Personnel Act Agreements (NA)
"July 18, 2003",https://oig.nasa.gov/docs/ig-03-020r.pdf,Opportunities for Cost Savings in Purchasing Peripheral and Accessory Equipment and Supplies for Desktop Computing Services (IG-03-020)
"June 27, 2003",https://oig.nasa.gov/docs/ig-03-019.pdf,Railroad Operations Involving Hazardous Commodities at the John F. Kennedy Space Center (IG-03-019)
"June 27, 2003",https://oig.nasa.gov/docs/ig-03-018.pdf,Weaknesses in Stennis Space Center's Procurement of High-Pressure Valves (IG-03-018)
"May 30, 2003",https://oig.nasa.gov/docs/ig-03-015.pdf,Integrated Financial Management Program Core Financial Module Conversion to Full Cost Accounting (IG-03-015)
"May 30, 2003",https://oig.nasa.gov/docs/ig-03-013.pdf,NASA Noncompliance With Waste Reduction Requirements (IG-03-013)
"May 19, 2003",https://oig.nasa.gov/docs/ig-03-014.pdf,Final Management Letter for Audit of Contract Administration for Glenn's Management Operations Contract (IG-03-014)
"March 28, 2003",https://oig.nasa.gov/docs/ig-03-011.pdf,Audit of Independent Verification and Validation of Software (IG-03-011)
"March 27, 2003",https://oig.nasa.gov/docs/ig-03-009.pdf,Performance Management Related to Agencywide Fiscal Year 2002 Information Technology Security Program Goals (IG-03-009)
"March 3, 2003",https://oig.nasa.gov/docs/ig-03-008.pdf,NASA's Reduction of Undefinitized Contract Actions (IG-03-008)
"January 14, 2003",https://oig.nasa.gov/docs/NSRS.pdf,Continued Need for the NASA Safety Reporting System (NSRS) (NA-03-NSRS)
"December 23, 2002",https://oig.nasa.gov/docs/Monel-1.pdf,Potential Safety Hazard With the Use of Monel Stem Plugs in High-Pressure Liquid Oxygen Valve (NA-03-VALVE)
"October 16, 2002",https://oig.nasa.gov/docs/ig-03-003.pdf,"NASA Contracts for Professional, Administrative, and Management Support Services (IG-03-003)"
"October 16, 2002",https://oig.nasa.gov/docs/ig-03-002.pdf,Expendable Launch Vehicle Performance Measures (IG-03-002)
"September 30, 2002",https://oig.nasa.gov/docs/ig-02-030.pdf,NASA's Proposal Evaluation Process (IG-02-030)
"September 30, 2002",https://oig.nasa.gov/FOIA_requests.html,NASA's Implementation Activities for Critical Cyber-Based Infrastructure Assets--Phase II* (IG-02-029)
"September 30, 2002",https://oig.nasa.gov/docs/ig-02-028r.pdf,Space Launch Initiative: Primary Requirements for a 2nd Generation Reusable Launch Vehicle (IG-02-028)
"September 30, 2002",https://oig.nasa.gov/docs/ig-02-027.pdf,NASA's Contract Audit Follow-Up System (IG-02-027)
"September 27, 2002",https://oig.nasa.gov/docs/ig-02-025.pdf,Validation and Verification of Selected NASA Fiscal Year 2001 Performance Data Related to the Government Performance and Results Act (IG-02-025)
"September 6, 2002",https://oig.nasa.gov/FOIA_requests.html,Barters on the International Space Station Program* (IG-02-024)
"July 29, 2002",https://oig.nasa.gov/docs/ig-02-021.pdf,Contracting Issues Associated With the NASA Safety Reporting System (IG-02-021)
"July 8, 2002",https://oig.nasa.gov/docs/ig-02-019.pdf,Property Control System Analysis Reporting on Space Flight Operations Contract Subcontractors (IG-02-019)
"July 1, 2002",https://oig.nasa.gov/docs/ig-02-020.pdf,Space Shuttle Safety Upgrades (IG-02-020)
"June 24, 2002",https://oig.nasa.gov/docs/ig-02-018r.pdf,NASA Oversight of United Space Alliance's Safety Procedures at the John F. Kennedy Space Center (IG-02-018)
"June 4, 2002",https://oig.nasa.gov/docs/ig-02-017.pdf,Management of Research Grants and Cooperative Agreements (IG-02-017)
"May 14, 2002",https://oig.nasa.gov/docs/ig-02-016.pdf,Goddard Space Flight Center's Compliance With Export Laws and Regulations (IG-02-016)
"March 29, 2002",https://oig.nasa.gov/docs/ig-02-015.pdf,Management of Forward Funding and Undisbursed Costs (IG-02-015)
"March 27, 2002",https://oig.nasa.gov/docs/ig-02-014r.pdf,NASA Acquisition of Services Using the Federal Supply Schedules (IG-02-014)
"March 26, 2002",https://oig.nasa.gov/docs/ig-02-013.pdf,Lockheed Martin Space Operations' Use of Professional and Consultant Services (IG-02-013)
"March 26, 2002",https://oig.nasa.gov/docs/ig-02-010.pdf,Telephone Management (IG-02-010)
"March 26, 2002",https://oig.nasa.gov/docs/ig-02-009.pdf,Summary Report on UNIX Operating System Security and Integrity Audits (IG-02-009)
"March 22, 2002",https://oig.nasa.gov/docs/ig-02-011.pdf,International Space Station Spare Parts Costs (IG-02-011)
"February 13, 2002",https://oig.nasa.gov/docs/ig-03-006.pdf,NASA's Monitoring of Contractor Compliance With New Technology Reporting Requirements (IG-03-006)
"November 19, 2001",https://oig.nasa.gov/FOIA_requests.html,"Approvals for Accessing Information Technology Systems (November 19, 2001)* (IG-02-004)"
"November 19, 2001",https://oig.nasa.gov/docs/ig-02-003.pdf,Performance Management Related to Agencywide Information Technology Program Goals (IG-02-003)
"November 8, 2001",https://oig.nasa.gov/docs/ig-02-002.pdf,Restructuring of the International Space Station Contract (IG-02-002)
"October 25, 2001",https://oig.nasa.gov/FOIA_requests.html,Evaluation of NASA Incident Response Capability* (IG-02-001)
"September 28, 2001",https://oig.nasa.gov/docs/ig-01-043.pdf,"Information Technology Security Requirements in NASA Contracts, Grants, and Cooperative Agreements (IG-01-043)"
"September 28, 2001",https://oig.nasa.gov/docs/ig-01-042.pdf,Safety of Lifting Devices and Equipment at Stennis Space Center (IG-01-042)
"September 28, 2001",https://oig.nasa.gov/docs/ig-01-040.pdf,Multiple-Award Contracts (IG-01-040)
"September 27, 2001",https://oig.nasa.gov/docs/ig-01-041.pdf,Procurement Workforce Planning (IG-01-041)
"August 31, 2001",https://oig.nasa.gov/docs/ig-01-034.pdf,"Controls Over the Use of Plastic Films, Foams, and Adhesive Tapes in and Around the Space Shuttle Orbiter Vehicles (IG-01-034)"
"August 31, 2001",https://oig.nasa.gov/docs/ig-01-029.pdf,Consolidated space Operations Contract: Evaluating and Reporting Cost Savings (IG-01-029)
"May 21, 2001",https://oig.nasa.gov/docs/ig-01-027.pdf,Acquisition of the Space Station Propulsion Module (IG-01-027)
"March 30, 2001",https://oig.nasa.gov/docs/ig-01-022r.pdf,Information Technology Security Planning (IG-01-022)
"March 30, 2001",https://oig.nasa.gov/docs/ig-01-020.pdf,Validation and Verification of Selected NASA FY 2000 Performance Data Related to the Government Performance and Results Act (GPRA) (IG-01-020)
"March 30, 2001",https://oig.nasa.gov/docs/ig-01-019.pdf,Thiokol's Use of Professional and Consultant Services (IG-01-019)
"March 23, 2001",https://oig.nasa.gov/docs/ig-01-017.pdf,Space Shuttle Program Management Safety Observations (IG-01-017)
"March 21, 2001",https://oig.nasa.gov/docs/ig-01-015r.pdf,Billings for Desktop Computing and Telecommunications Outsourcing at the Marshall Space Flight Center (IG-01-015)
"March 16, 2001",https://oig.nasa.gov/docs/ig-01-012.pdf,United Space Alliance's Use of Professional and Consultant Services (IG-01-012)
"March 13, 2001",https://oig.nasa.gov/docs/ig-01-009.pdf,"Faster, Better, Cheaper: Policy, Strategic Planning, and Human Resource Alignment (IG-01-009)"
"February 16, 2001",https://oig.nasa.gov/docs/ig-01-008.pdf,Review of the Collection of Personally Identifiable Information on NASA's Web Sites (IG-01-008)
"December 8, 2000",https://oig.nasa.gov/docs/ig-01-007.pdf,Cost Sharing for Environmental Cleanup Efforts (IG-01-007)
"November 27, 2000",https://oig.nasa.gov/docs/ig-01-006.pdf,Impact of the Boeing Company's Restructing on NASA (IG-01-006)
"October 31, 2000",https://oig.nasa.gov/docs/ig-01-001.pdf,Response to Senate Report 106-161 Fiscal Year 2000 Assessment of NASA's Export Activities (IG-01-001)
"September 29, 2000",https://oig.nasa.gov/docs/ig-00-061.pdf,Internal Controls Over Processing Deobligations (IG-00-061)
"September 29, 2000",https://oig.nasa.gov/docs/ig-00-060.pdf,Configuration Controls in Desktop Outsourcing (IG-00-060)
"September 29, 2000",https://oig.nasa.gov/FOIA_requests.html,NASA's Planning and Implementation for Presidential Decision Directive 63 -- Phase I* (IG-00-057)
"September 28, 2000",https://oig.nasa.gov/docs/ig-00-059.pdf,Software Assurance (IG-00-059)
"September 28, 2000",https://oig.nasa.gov/FOIA_requests.html,Virtual Memory Systems Operating System Security and Integrity Controls at Goddard Space Flight Center* (IG-00-058)
"September 28, 2000",https://oig.nasa.gov/FOIA_requests.html,Information Assurance Controls for Headquarters Windows NT 4.0 System* (IG-00-056)
"September 28, 2000",https://oig.nasa.gov/docs/ig-00-055.pdf,System Information Technology Security Planning (IG-00-055)
"September 27, 2000",https://oig.nasa.gov/docs/ig-00-054.pdf,Property Administration Delegations for Contractor-Held Property (IG-00-054)
"September 26, 2000",https://oig.nasa.gov/docs/ig-00-053.pdf,NASA's Aviation Safety Program (IG-00-053)
"September 26, 2000",https://oig.nasa.gov/FOIA_requests.html,External Peer Review of Department of Education OIG* (IG-00-052)
"September 26, 2000",https://oig.nasa.gov/docs/ig-00-051.pdf,Contractor Travel Costs (IG-00-051)
"September 26, 2000",https://oig.nasa.gov/docs/ig-00-049.pdf,Health Care Costs at NASA Contractors (IG-00-049)
"September 25, 2000",https://oig.nasa.gov/docs/ig-00-050.pdf,NASA's Use of Smartpay Purchase Cards (IG-00-050)
"September 20, 2000",https://oig.nasa.gov/docs/ig-00-045r.pdf,NASA's Independent Cost Estimating Capability (IG-00-045)
"September 20, 2000",https://oig.nasa.gov/docs/ig-00-043.pdf,Consolidated Space Operations Contract--Cost-Benefit Analysis and Award Fee Structure (IG-00-043)
"September 19, 2000",https://oig.nasa.gov/docs/ig-00-048.pdf,Contractor Exports of Controlled Technologies (IG-00-048)
"September 18, 2000",https://oig.nasa.gov/docs/ig-00-047.pdf,Kennedy Space Center Proposed Media Center (IG-00-047)
"September 18, 2000",https://oig.nasa.gov/docs/ig-00-046.pdf,NASA Settlement of DCAA's Incurred Cost Audits at Goddard Space Flight Center (IG-00-046)
"September 14, 2000",https://oig.nasa.gov/docs/ig-00-044.pdf,Transfer of External Tank Display to Kennedy Space Center Visitor Complex (IG-00-044)
"August 4, 2000",https://oig.nasa.gov/docs/ig-00-039.pdf,Space Flight Operations Contract Phase II (IG-00-039)
"July 17, 2000",https://oig.nasa.gov/docs/ig-00-038.pdf,NASA's Organizational Structure for Implementing the Clinger-Cohen Act (IG-00-038)
"July 17, 2000",https://oig.nasa.gov/docs/ig-00-037.pdf,Review of Research Flight Operations at the Glenn Research Center (IG-00-037)
"July 17, 2000",https://oig.nasa.gov/FOIA_requests.html,Disaster Recovery Planning Audits* (IG-00-036)
"June 5, 2000",https://oig.nasa.gov/docs/ig-00-035.pdf,Contract Safety Requirements at Kennedy Space Center and Marshall Space Flight Center (IG-00-035)
"May 19, 2000",https://oig.nasa.gov/docs/ig-00-032.pdf,NASA Contract Audit Follow-up System at Johnson Space Center (IG-00-032)
"May 12, 2000",https://oig.nasa.gov/docs/ig-00-034.pdf,Foreign National Visitors at NASA Centers (IG-00-034)
"April 20, 2000",https://oig.nasa.gov/docs/ig-00-033.pdf,Relief Granted to Contractor for Overpayment of General and Administrative Costs (IG-00-033)
"March 31, 2000",https://oig.nasa.gov/FOIA_requests.html,Implementation of Security Software at Johnson Space Center* (IG-00-031)
"March 31, 2000",https://oig.nasa.gov/docs/ig-00-030r.pdf,Compliance With the National Environmental Policy Act (IG-00-030)
"March 30, 2000",https://oig.nasa.gov/docs/ig-00-029.pdf,X-34 Technology Demonstrator (IG-00-029)
"March 30, 2000",https://oig.nasa.gov/docs/ig-00-028r.pdf,Safety Concerns With Kennedy Space Center's Payload Ground Operations (IG-00-028)
"March 29, 2000",https://oig.nasa.gov/docs/ig-00-024r.pdf,UNIX Operating System Security and Integrity at Goddard Space Flight Center (IG-00-024)
"March 29, 2000",https://oig.nasa.gov/docs/ig-00-022.pdf,"Arthur Andersen LLP Audit of the NASA Financial Statements for Fiscal Year Ended September 30, 1999 (IG-00-022)"
"March 28, 2000",https://oig.nasa.gov/docs/biopreparat.pdf,Biopreparat Report (IG-00-027)
"March 28, 2000",https://oig.nasa.gov/docs/ig-00-020.pdf,Validating FY 1999 Performance Data to be Reported Under the Government Performance Results Act (GPRA) (IG-00-020)
"March 27, 2000",https://oig.nasa.gov/docs/ig-00-019.pdf,Johnson Space Center Exchange Use of Appropriated Funds for Exchange Activities (IG-00-019)
"March 23, 2000",https://oig.nasa.gov/docs/ig-00-018.pdf,NASA Oversight of Contractor Exports of Controlled Technologies (IG-00-018)
"March 21, 2000",https://oig.nasa.gov/FOIA_requests.html,General Controls at Johnson Space Center* (IG-00-017)
"March 17, 2000",https://oig.nasa.gov/docs/ig-00-016.pdf,Procurement Module Testing of NASA's Integrated Financial Management Program (IG-00-016)
"March 15, 2000",https://oig.nasa.gov/FOIA_requests.html,UNIX Operating System Security and Integrity at Kennedy Space Center* (IG-00-014)
"March 14, 2000",https://oig.nasa.gov/docs/ig-00-015.pdf,Space Flight Operations Contract Phase II -- Cost-Benefit Analysis (IG-00-015)
"March 8, 2000",https://oig.nasa.gov/docs/ig-00-011.pdf,Spare Parts Quality Assurance for the Space Shuttle (IG-00-011)
"March 6, 2000",https://oig.nasa.gov/docs/ig-00-010.pdf,NASA Contract Audit Follow-up System at Marshall Space Flight Center (IG-00-010)
"February 23, 2000",https://oig.nasa.gov/docs/ig-00-009.pdf,Staffing of the Expendable Launch Vehicle Program Office at the Kennedy Space Center (IG-00-009)
"February 23, 2000",https://oig.nasa.gov/docs/ig-00-008.pdf,Electronic Commerce: NASA's Acquisition of Office Supplies (IG-00-008)
"February 16, 2000",https://oig.nasa.gov/docs/ig-00-007.pdf,Performance Management of the International Space Station Contract (IG-00-007)
"February 9, 2000",https://oig.nasa.gov/FOIA_requests.html,Verification of Payments to the Russian Space Agency* (IG-00-006)
"February 9, 2000",https://oig.nasa.gov/docs/ig-00-005.pdf,X-38/Crew Return Vehicle Project Management (IG-00-005)
"January 14, 2000",https://oig.nasa.gov/docs/ig-00-004.pdf,Management and Administration of International Agreements at NASA (IG-00-004)
"December 23, 1999",https://oig.nasa.gov/docs/ig-00-003.pdf,NASA's Year 2000 Day One Planning (IG-00-003)
"December 21, 1999",https://oig.nasa.gov/docs/ig-00-002.pdf,Raytheon Subcontract Management (IG-00-002)
"September 30, 1999",https://oig.nasa.gov/docs/ig-99-059.pdf,Matching Disbursements to Obligations (IG-99-059)
"September 30, 1999",https://oig.nasa.gov/docs/ig-99-058.pdf,Earned Value Management at NASA (IG-99-058)
"September 30, 1999",https://oig.nasa.gov/docs/ig-99-057.pdf,A-76 Study of NASA-3 Aircraft (IG-99-057)
"September 28, 1999",https://oig.nasa.gov/docs/ig-99-056.pdf,NASA Noncompetitive Procurements (IG-99-056)
"September 28, 1999",https://oig.nasa.gov/docs/ig-99-055.pdf,NASA Implementation of the Government Performance Results Act (IG-99-055)
"September 28, 1999",https://oig.nasa.gov/docs/ig-99-054.pdf,JPL Management of Subcontractor Technical Performance (IG-99-054)
"September 27, 1999",https://oig.nasa.gov/FOIA_requests.html,Contractor-Leased Facilities at Marshall Space Flight Center (IG-99-053)
"September 24, 1999",https://oig.nasa.gov/docs/ig-99-052.pdf,X-33 Cost Estimating Process (IG-99-052)
"September 24, 1999",https://oig.nasa.gov/docs/ig-99-051.pdf,"Environmental Aspects of External Tank Contract, NAS8-36200 (IG-99-051)"
"September 24, 1999",https://oig.nasa.gov/FOIA_requests.html,Fire Sprinklers at the Mission Control Center* (IG-99-049)
"September 24, 1999",https://oig.nasa.gov/docs/ig-99-048.pdf,Year 2000 Program Oversight of NASA Grants and Cooperative Agreements (IG-99-048)
"September 22, 1999",https://oig.nasa.gov/docs/ig-99-047.pdf,Safety Considerations at Goddard Space Flight Center (IG-99-047)
"September 22, 1999",https://oig.nasa.gov/docs/ig-99-046.pdf,Costs Incurred for a Barbecue Sponsored by the Boeing Company (IG-99-046)
"September 20, 1999",https://oig.nasa.gov/FOIA_requests.html,Disaster Recovery Planning at Marshall Space Flight Center's Automated Data Processing Consolidation Center (IG-99-043)
"September 20, 1999",https://oig.nasa.gov/docs/ig-99-036r.pdf,X-38 Crew Return Vehicle Operational Testing (IG-99-036)
"September 20, 1999",https://oig.nasa.gov/docs/ig-99-034.pdf,NASA's Year 2000 Program - Renovation and Validation Phases (IG-99-034)
"September 17, 1999",https://oig.nasa.gov/docs/ig-99-044.pdf,Year 2000 Program - Implementation Phase (IG-99-044)
"September 16, 1999",https://oig.nasa.gov/docs/ig-99-042.pdf,Allied-Signal Subcontract Management (IG-99-042)
"September 16, 1999",https://oig.nasa.gov/docs/ig-99-040.pdf,Selected Internal Controls Related to Financial Statement Audits (IG-99-040)
"September 10, 1999",https://oig.nasa.gov/docs/ig-99-037r.pdf,Earned Value Management at NASA - ECS Performance Measurement Baseline (IG-99-037)
"September 9, 1999",https://oig.nasa.gov/docs/ig-99-035.pdf,Year 2000 Date Conversion - Assessment Phase Summary (IG-99-035)
"September 8, 1999",https://oig.nasa.gov/docs/ig-99-038.pdf,Performance Evaluation Plan for the Earth Observing System Data and Information System Core System Contract (IG-99-038)
"June 23, 1999",https://oig.nasa.gov/FOIA_requests.html,Disaster Recovery Planning at Ames Research Center's Numerical Aerospace Simulation Facility (IG-99-032)
"June 17, 1999",https://oig.nasa.gov/docs/ig-99-027.pdf,Department of Health and Human Services Billings for Audit Services (IG-99-027)
"June 10, 1999",https://oig.nasa.gov/docs/ig-99-031.pdf,NASA's Non-Tax Delinquent Debt (IG-99-031)
"June 10, 1999",https://oig.nasa.gov/docs/ig-99-030.pdf,Advanced Air Transportation Technologies Project (IG-99-030)
"June 10, 1999",https://oig.nasa.gov/docs/ig-99-028.pdf,Management of NASA-Held Equipment (IG-99-028)
"May 13, 1999",https://oig.nasa.gov/docs/ig-99-025.pdf,"Exemptions for Year 2000 Testing, Johnson Space Center (IG-99-025)"
"April 27, 1999",https://oig.nasa.gov/docs/ig-99-026.pdf,Implementation of NASA's Integrated Financial Management Project (IG-99-026)
"April 26, 1999",https://oig.nasa.gov/docs/ig-99-021.pdf,Obligations Management -- Recording Obligations and Adjustments (IG-99-021)
"March 31, 1999",https://oig.nasa.gov/docs/ig-99-024.pdf,NASA's Full-Cost Initiative Implementation (IG-99-024)
"March 31, 1999",https://oig.nasa.gov/docs/ig-99-023.pdf,Commercial Remote Sensing Program Office (IG-99-023)
"March 31, 1999",https://oig.nasa.gov/docs/ig-99-022.pdf,Year 2000 Program Compliance Requirements in NASA Information Technology-Related Contracts (IG-99-022)
"March 31, 1999",https://oig.nasa.gov/docs/ig-99-020.pdf,NASA Control of Export-Controlled Technologies (IG-99-020)
"March 31, 1999",https://oig.nasa.gov/FOIA_requests.html,Disaster Recovery Planning at Kennedy Space Center (IG-99-017)
"March 29, 1999",https://oig.nasa.gov/FOIA_requests.html,X-33 Cooperative Agreement (IG-99-019)
"March 29, 1999",https://oig.nasa.gov/docs/ig-99-018.pdf,"Quality Control Review of Arthur Andersen LLP Audit of the NASA Financial Statements for FY Ended September 30, 1998 (IG-99-018)"
"March 26, 1999",https://oig.nasa.gov/docs/ig-99-012.pdf,"Proposed NPOESS Preparatory Project Reduces Operational Risk, But Excludes Demonstration of Critical Ozone Suite (IG-99-012)"
"March 24, 1999",https://oig.nasa.gov/docs/ig-99-016.pdf,Audit of Advanced X-Ray Astrophysics Facility (IG-99-016)
"March 24, 1999",https://oig.nasa.gov/docs/ig-99-015.pdf,Home-to-Work Use of Vehicles (IG-99-015)
"March 19, 1999",https://oig.nasa.gov/docs/ig-99-013.pdf,Hubble Space Telescope Cost Saving Initiatives (IG-99-013)
"March 17, 1999",https://oig.nasa.gov/docs/ig-99-011r.pdf,Earth Observing System (EOS) Common Spacecraft Planning and Management (IG-99-011)
"March 9, 1999",https://oig.nasa.gov/docs/ig-99-009.pdf,Space Station Contingency Planning for International Partners (IG-99-009)
"March 5, 1999",https://oig.nasa.gov/FOIA_requests.html,"NAS Data Center General Controls at Ames Research Center, Numerical Aerospace Simulation Facility (IG-99-010)"
"February 17, 1999",https://oig.nasa.gov/FOIA_requests.html,Contractor-Acquired Facilities at Johnson Space Center (IG-99-008)
"January 28, 1999",https://oig.nasa.gov/docs/ig-99-007.pdf,Space Station Corrective Action Plans (IG-99-007)
"January 20, 1999",https://oig.nasa.gov/FOIA_requests.html,Disaster Recovery Planning at the Jet Propulsion Laboratory (IG-99-006)
"January 15, 1999",https://oig.nasa.gov/FOIA_requests.html,Disaster Recovery Planning at Johnson Space Center (IG-99-005)
"December 17, 1998",https://oig.nasa.gov/docs/ig-99-004.pdf,Final Report on Year 2000 Program Oversight of NASA's Production Contractors (IG-99-004)
"December 16, 1998",https://oig.nasa.gov/docs/ig-99-002.pdf,Final Report on the Audit of the Department of Health and Human Services Audit Services Provided to NASA (IG-99-002)
"November 10, 1998",https://oig.nasa.gov/docs/ig-99-003.pdf,Delivery Order Placement Under Outsourcing Desktop Initiative Contracts (IG-99-003)
"November 3, 1998",https://oig.nasa.gov/docs/ig-99-001.pdf,X-33 Funding Issues (IG-99-001)
"September 30, 1998",https://oig.nasa.gov/docs/ig-98-041.pdf,"Consolidated Network Mission Operations Support Contract, Transition and Implementation (IG-98-041)"
"September 30, 1998",https://oig.nasa.gov/docs/ig-98-040.pdf,Year 2000 Date Conversion - Assessment Phase (IG-98-040)
"September 30, 1998",https://oig.nasa.gov/docs/ig-98-038.pdf,Commercial Use of the Santa Susana Field Laboratory (IG-98-038)
"September 30, 1998",https://oig.nasa.gov/docs/ig-98-037.pdf,NASA Science Research Institutes (IG-98-037)
"September 29, 1998",https://oig.nasa.gov/FOIA_requests.html,NASA Data Center General Controls at Lewis Research Center (IG-98-039)
"September 28, 1998",https://oig.nasa.gov/docs/ig-98-036.pdf,Contingency Planning at Goddard Space Flight Center (IG-98-036)
"September 28, 1998",https://oig.nasa.gov/docs/ig-98-033.pdf,Early Payment and Billing Frequency on Long-Term Contracts (IG-98-033)
"September 25, 1998",https://oig.nasa.gov/docs/ig-98-035.pdf,NASA General-Purpose Vehicles Acquisition and Use (IG-98-035)
"September 25, 1998",https://oig.nasa.gov/docs/ig-98-034.pdf,Information Technology Capital Planning and Investment Control (IG-98-034)
"September 24, 1998",https://oig.nasa.gov/docs/ig-98-032.pdf,Space Station Configuration Management (IG-98-032)
"September 22, 1998",https://oig.nasa.gov/docs/ig-98-031.pdf,National Technology Transfer Center (NTTC) (IG-98-031)
"September 21, 1998",https://oig.nasa.gov/docs/ig-98-027.pdf,NASA Costs Paid To Rehired Former JPL Employees (IG-98-027)
"September 14, 1998",https://oig.nasa.gov/docs/ig-98-030.pdf,Single-Source Suppliers for Critical Items (IG-98-030)
"September 14, 1998",https://oig.nasa.gov/docs/ig-98-029.pdf,Outsourcing of Desktop Computers (IG-98-029)
"September 14, 1998",https://oig.nasa.gov/FOIA_requests.html,Final Management Letter on the Survey of the Joint Base Operations and Support Contract (J-BOSC) at Kennedy Space Center (IG-98-026)
"September 8, 1998",https://oig.nasa.gov/docs/ig-98-028.pdf,Transporation Costs for Non-NASA Payloads Flown in the SPACEHAB Module (IG-98-028)
"September 3, 1998",https://oig.nasa.gov/docs/ig-98-025.pdf,Earth Science Commercial Data Buy Program (IG-98-025)
"August 20, 1998",https://oig.nasa.gov/docs/ig-98-023.pdf,Observations Regarding Management of Sensitive Equipment (IG-98-023)
"August 18, 1998",https://oig.nasa.gov/docs/ig-98-024.pdf,Cost Sharing for Santa Susana Field Laboratory Cleanup Activities (IG-98-024)
"August 13, 1998",https://oig.nasa.gov/docs/ig-98-022.pdf,Risks Associated With ARC's Acquisition of Military Family Housing (IG-98-022)
"August 6, 1998",https://oig.nasa.gov/docs/ig-98-019.pdf,Aeronautics Program Grant Financial Transactions (IG-98-019)
"July 24, 1998",https://oig.nasa.gov/docs/ig-98-021.pdf,Improved Controls Needed Over NASA's Supercomputing Inventory (IG-98-021)
"July 24, 1998",https://oig.nasa.gov/docs/ig-98-020.pdf,Consolidated Decision for Secure Supercomputers (IG-98-020)
"July 20, 1998",https://oig.nasa.gov/docs/ig-98-018.pdf,NASA Data Center General Controls - Shuttle Processing Data Management System (IG-98-018)
"June 12, 1998",https://oig.nasa.gov/docs/ig-98-017.pdf,Kennedy Space Center's Recycling Efforts (IG-98-017)
"June 12, 1998",https://oig.nasa.gov/docs/ig-98-016.pdf,Followup Audit on Orbiter Maintenance Down Periods at KSC (IG-98-016)
"June 12, 1998",https://oig.nasa.gov/docs/ig-98-014.pdf,Lewis Research Center's Hazardous Waste Manifest Process (IG-98-014)
"June 9, 1998",https://oig.nasa.gov/docs/ig-98-012.pdf,Earth Observing System Data and Information System (EOSDIS) Federation Plan (IG-98-012)
"June 8, 1998",https://oig.nasa.gov/docs/ig-98-015.pdf,Management Controls on Earth Systems Science Building (ESSB) Contract (IG-98-015)
"June 8, 1998",https://oig.nasa.gov/docs/ig-98-013.pdf,Dissemination of Earth Science Program Data and Information (IG-98-013)
"May 4, 1998",https://oig.nasa.gov/docs/ig-98-011.pdf,NASA's International Merchant Purchase Authorization Card Program (IG-98-011)
"April 3, 1998",https://oig.nasa.gov/docs/ig-98-010.pdf,NASA's Plans to Successfully Achieve the Earth Observing System (EOS) Scientific Objectives (IG-98-010)
"March 24, 1998",https://oig.nasa.gov/docs/ig-98-009.pdf,NASA Data Center General Controls - Jet Propulsion Laboratory (IG-98-009)
"March 11, 1998",https://oig.nasa.gov/FOIA_requests.html,TDRSS Single Access Service Reimbursable Rate (IG-98-008)
"March 5, 1998",https://oig.nasa.gov/docs/ig-98-007.pdf,Contractor Facility Leases (IG-98-007)
"February 17, 1998",https://oig.nasa.gov/FOIA_requests.html,NASA Data Center Facility - Goddard Space Flight Center (IG-98-006)
"January 29, 1998",https://oig.nasa.gov/docs/ig-98-005.pdf,NASA Data Center General Controls - Johnson Space Center (IG-98-005)
"December 19, 1997",https://oig.nasa.gov/docs/ig-98-001.pdf,Application of OMB Circular A-76 to Desktop Outsourcing (IG-98-001)
"December 17, 1997",https://oig.nasa.gov/docs/ig-98-004.pdf,NASA's Integrated Financial Management Project (IFMP) - Time and Attendance/Labor Distribution Module (IG-98-004)
"December 5, 1997",https://oig.nasa.gov/FOIA_requests.html,Use of Government Credit Card by Someone Other Than the Cardholder (IG-98-003)
"November 13, 1997",https://oig.nasa.gov/FOIA_requests.html,Space Station Performance Measurement Cost Data (IG-98-002)
"September 30, 1997",https://oig.nasa.gov/docs/IG-97-040.pdf,Facility Cost Recovery Policies at NASA's Aeronautics Centers (IG-97-040)
"September 30, 1997",https://oig.nasa.gov/docs/IG-97-039.pdf,NASA Data Center General Controls Marshall Space Flight Center (IG-97-039)
"September 12, 1997",https://oig.nasa.gov/docs/IG-97-038.pdf,Status of Plum Brook Station Nuclear Reactions at Lewis Research Center (IG-97-038)
"September 10, 1997",https://oig.nasa.gov/docs/IG-97-037.pdf,Contractor Facility Leases Lockheed Credit Union Occupancy Costs (IG-97-037)
"September 9, 1997",https://oig.nasa.gov/docs/IG-97-036.pdf,Marshall Space Flight Center Vehicle Fleet Conversion - Additional Savings Possible (IG-97-036)
"August 28, 1997",https://oig.nasa.gov/docs/IG-97-035.pdf,NASA Data Center Facility Langley Research Center (IG-97-035)
"August 14, 1997",https://oig.nasa.gov/docs/IG-97-034.pdf,Financial Management Procedures for Supply Acquisition (IG-97-034)
"July 22, 1997",https://oig.nasa.gov/docs/IG-97-032.pdf,Space Flight Operations Contract Performances Metrics (IG-97-032)
"July 18, 1997",https://oig.nasa.gov/docs/IG-97-033.pdf,Audit of NASAs Moscow Liaison Office (IG-97-033)
"July 18, 1997",https://oig.nasa.gov/docs/IG-97-030.pdf,Physical Security at ARC's NAS Facility (IG-97-030)
"July 17, 1997",https://oig.nasa.gov/docs/IG-97-029.pdf,Space Shuttle Restructuring (IG-97-029)
"July 16, 1997",https://oig.nasa.gov/docs/IG-97-031.pdf,Consolidated Network and Mission Operations Support (CNMOS) Contract (IG-97-031)
"June 30, 1997",https://oig.nasa.gov/docs/IG-97-027.pdf,ARC Support of SETIs High Resolution Microwave Survey Program (IG-97-027)
"June 26, 1997",https://oig.nasa.gov/docs/IG-97-025.pdf,Off-Site Use of NASA Computer Resources at NASA Heaquarters (IG-97-025)
"June 25, 1997",https://oig.nasa.gov/docs/IG-97-028.pdf,"Technology and Applications Programs' Bid and Proposal Cost at the Jet Propulsion Laboratory, California (IG-97-028)"
"June 24, 1997",https://oig.nasa.gov/docs/IG-97-026.pdf,Commercial Use of NASA's Tracking and Data Relay Satellite System (IDRSS) at Kennedy Space Center (IG-97-026)
"June 10, 1997",https://oig.nasa.gov/docs/IG-97-023.pdf,Proposed Remote Ground Terminal in Guam at Goddard Space Flight Center (IG-97-023)
"June 6, 1997",https://oig.nasa.gov/docs/IG-97-024.pdf,Cost Sharing for Cleanup Activities at JPL (IG-97-024)
"May 30, 1997",https://oig.nasa.gov/docs/IG-97-022.pdf,Use of Earth Observing System (EOS) Ground Stations in Lieu of the Tracking and Data Relay Satellite System (TDRSS) at GSFC (IG-97-022)
"April 23, 1997",https://oig.nasa.gov/docs/IG-97-021.pdf,Collection and Processing of NAS Research Results at Ames Research Center (IG-97-021)
"March 28, 1997",https://oig.nasa.gov/docs/IG-97-018.pdf,Survey of X-33 Task Agreements (IG-97-018)
"March 27, 1997",https://oig.nasa.gov/docs/IG-97-020.pdf,Privatization of the NASA Sounding Rocket Program at Goddard Space Flight Center (IG-97-020)
"March 27, 1997",https://oig.nasa.gov/docs/IG-97-019.pdf,Reusable Launch Vehicle Program at Marshall Space Flight Center (IG-97-019)
"March 20, 1997",https://oig.nasa.gov/docs/IG-97-017.pdf,Construction of Facilities Projects at Kennedy Space Center (IG-97-017)
"March 17, 1997",https://oig.nasa.gov/docs/IG-97-016.pdf,Clear Lake Development Facility (IG-97-016)
"March 5, 1997",https://oig.nasa.gov/docs/IG-97-015.pdf,Space Station Change Order Process - Neutral Buoyancy Laboratory Requirement (IG-97-015)
"February 7, 1997",https://oig.nasa.gov/docs/IG-97-014.pdf,Earth Observing System Data and Information System Facility Construction Contract Management at GSFC (IG-97-014)
"January 14, 1997",https://oig.nasa.gov/docs/IG-97-013.pdf,21-Inch Hypersonic Tunnel at Plum Brook Station at Lewis Research Center (IG-97-013)
"December 20, 1996",https://oig.nasa.gov/docs/IG-97-012.pdf,Caltech Government Billings Transferred to the Jet Propulsion Laboratory (IG-97-012)
"December 20, 1996",https://oig.nasa.gov/docs/IG-97-011.pdf,Shuttle Processing Contract Subcontracting - Circumstances Indicating Procurement Fraud (IG-97-011)
"December 17, 1996",https://oig.nasa.gov/docs/IG-97-010.pdf,Recording of Revenues Generated by the Commercial Use of NASA's TDRSS System at Kennedy Space Center (IG-97-010)
"November 22, 1996",https://oig.nasa.gov/docs/IG-97-009.pdf,Contractor Facility Leases at Lewis Research Center (IG-97-009)
"November 22, 1996",https://oig.nasa.gov/docs/IG-97-007.pdf,NASA Procurement Initiatives Credit Card Program (IG-97-007)
"November 14, 1996",https://oig.nasa.gov/docs/IG-97-008.pdf,ARC Support of SETI's High Resolution Microwave Survey Program (IG-97-008)
"November 14, 1996",https://oig.nasa.gov/docs/IG-97-006.pdf,Charges for Use of NASA's Facilties by DoD's Joint Strike Fighter (JSF) Program Contractors (IG-97-006)
"November 7, 1996",https://oig.nasa.gov/docs/IG-97-005.pdf,Utlization of Space Harbor at Johnson Space Center (IG-97-005)
"November 6, 1996",https://oig.nasa.gov/docs/IG-97-004.pdf,Civil Service Work Force Reporting at Aeronautic Centers -.pdf (IG-97-004)
"October 25, 1996",https://oig.nasa.gov/docs/IG-97-003.pdf,Inactive or Excess Property at Selected Contracts at Jet Propulsion Laboratory (IG-97-003)
"October 25, 1996",https://oig.nasa.gov/docs/IG-97-002.pdf,High Speed Research Prime Contractor Performance at Lewis Research Center (IG-97-002)
"October 21, 1996",https://oig.nasa.gov/docs/IG-97-001.pdf,Early Phases of NASA's Integrated Financial Management Project(IFMP) at NASA Headquarters (IG-97-001)
"September 26, 1996",https://oig.nasa.gov/docs/JS-96-007.pdf,Russian Involvement in the International Space Station Program (JS-96-007)
"September 26, 1996",https://oig.nasa.gov/docs/JS-96-006.pdf,Space Station Facilities Requirements (JS-96-006)
"September 26, 1996",https://oig.nasa.gov/docs/JS-96-005.pdf,Workload Scheduling and Control (JS-96-005)
"August 30, 1996",https://oig.nasa.gov/docs/JP-96-004.pdf,Early Retirement Option Plan at the Jet Propulsion Laboratory (JP-96-004)
"August 30, 1996",https://oig.nasa.gov/docs/GO-96-005.pdf,Center Director's Discretionay Fund (GO-96-005)
"August 30, 1996",https://oig.nasa.gov/docs/GO-96-004.pdf,Survey of Wallops Flight Facility Machine Shop Operations (GO-96-004)
"August 22, 1996",https://oig.nasa.gov/docs/JS-96-004.pdf,Space Station Prime Contractor Performance Management (JS-96-004)
"August 12, 1996",https://oig.nasa.gov/docs/HA-96-007.pdf,Aircraft Consolidation at the DFRC (HA-96-007)
"July 25, 1996",https://oig.nasa.gov/docs/LA-96-004.pdf,Moving Support Service Contractors On-Center (LA-96-004)
"July 17, 1996",https://oig.nasa.gov/docs/GO-96-003.pdf,Wallops Flight Facility Sounding Rocket Program (GO-96-003)
"July 17, 1996",https://oig.nasa.gov/docs/GO-96-002.pdf,Award Fee Subcontacting (GO-96-002)
"July 10, 1996",https://oig.nasa.gov/docs/MA-96-004.pdf,Audit of Selected Contract Awards (MA-96-004)
"June 29, 1996",https://oig.nasa.gov/docs/JP-96-003.pdf,Planned Construction of Facilities at the Jet Propulsion Laboratory (JP-96-003)
"June 28, 1996",https://oig.nasa.gov/docs/JS-96-003.pdf,Space Shuttle Safety Review (JS-96-003)
"June 28, 1996",https://oig.nasa.gov/docs/HA-96-005.pdf,NASA Value Engineering Program (HA-96-005)
"June 11, 1996",https://oig.nasa.gov/docs/JS-96-002.pdf,Space Station Prime Contractor Performance Management (JS-96-002)
"June 10, 1996",https://oig.nasa.gov/docs/MA-96-003.pdf,Center Director's Discretionary Fund (MA-96-003)
"June 10, 1996",https://oig.nasa.gov/docs/LA-96-003.pdf,NASA Grants Program (LA-96-003)
"June 5, 1996",https://oig.nasa.gov/docs/JP-96-002.pdf,Trial Balance of General Ledger Accounts Report (JP-96-002)
"May 28, 1996",https://oig.nasa.gov/docs/LA-96-002.pdf,Adequacy of the Research & Technology Base (LA-96-002)
"May 7, 1996",https://oig.nasa.gov/docs/MA-96-002.pdf,Earth Observing System Data & Information Systems (EOSDIS) Distributed Active Archive Center (DAAC) (MA-96-002)
"April 24, 1996",https://oig.nasa.gov/docs/MA-96-001.pdf,Microgravity Projects (MA-96-001)
"March 19, 1996",https://oig.nasa.gov/docs/GO-96-001.pdf,EOS Data and Information System (EOSDIS) Distributed Active Archive Center (DAACs) (GO-96-001)
"March 15, 1996",https://oig.nasa.gov/docs/KE-96-004.pdf,Payload Ground Operations Subcontracting (KE-96-004)
"March 13, 1996",https://oig.nasa.gov/docs/LA-96-001.pdf,Moving Support Service Contractors On-Center (LA-96-001)
"March 5, 1996",https://oig.nasa.gov/docs/HA-96-002.pdf,Audit of NASA's FY 1995 Financial Statements (HA-96-002)
"February 22, 1996",https://oig.nasa.gov/docs/JP-96-001.pdf,Cassini Program Management (JP-96-001)
"December 15, 1995",https://oig.nasa.gov/docs/AR-96-001.pdf,RSRM Enhancement Project (AR-96-001)
"December 12, 1995",https://oig.nasa.gov/docs/JS-96-001.pdf,Boeing Indirect Cost Allocation to Space Station Contract (JS-96-001)
"December 7, 1995",https://oig.nasa.gov/docs/HA-96-001.pdf,Consolidation of Aircraft at the Dryden Flight Research Facility (HA-96-001)
"November 30, 1995",https://oig.nasa.gov/docs/LE-96-001.pdf,Airport Courier Service (LE-96-001)
"November 30, 1995",https://oig.nasa.gov/docs/KE-96-003.pdf,Facilities Operations and Maintenance (KE-96-003)
"October 27, 1995",https://oig.nasa.gov/docs/KE-96-002.pdf,Spacehab Commercial Middeck Augmentation Module (CMAM) Project (KE-96-002)
"October 24, 1995",https://oig.nasa.gov/docs/KE-96-001.pdf,Impacts of Performing Orbiter Maintenance Down Periods (OMPDs) at KSC vs Palmdale (KE-96-001)
